,date,MaxTemp_x,MinTemp_x,work_x,MaxTemp_y,MinTemp_y,work_y,MaxTemp_x,MinTemp_x,work_x,MaxTemp_y,MinTemp_y,work_y,MaxTemp_x,MinTemp_x,work_x,MaxTemp_y,MinTemp_y,work_y,MaxTemp_x,MinTemp_x,work_x,MaxTemp_y,MinTemp_y,work_y,MaxTemp_x,MinTemp_x,work_x,MaxTemp_y,MinTemp_y,work_y,MaxTemp_x,MinTemp_x,work_x,MaxTemp_y,MinTemp_y,work_y,MaxTemp_x,MinTemp_x,work_x,MaxTemp_y,MinTemp_y,work_y,MaxTemp,MinTemp,work
0,2021-01-01,19,15,0,19,15,0,15,7,0,19,15,0,15,7,0,15,7,0,13,13,0,13,13,0,13,13,0,13,13,0,19,15,0,19,15,0,15,7,0,15,7,0,15,7,0
1,2021-01-02,21,17,0,21,17,0,17,7,0,21,17,0,17,7,0,17,7,0,16,13,0,16,13,0,16,13,0,16,13,0,21,17,0,21,17,0,17,7,0,17,7,0,17,7,0
2,2021-01-03,23,18,0,23,18,0,18,10,0,23,18,0,18,10,0,18,10,0,19,17,0,19,17,0,19,17,0,19,17,0,23,18,0,23,18,0,18,10,0,18,10,0,18,10,0
3,2021-01-04,24,19,1,24,19,1,19,11,1,24,19,1,19,11,1,19,11,1,20,15,1,20,15,1,20,15,1,20,15,1,24,19,1,24,19,1,19,11,1,19,11,1,19,11,1
4,2021-01-05,22,18,1,22,18,1,17,10,1,22,18,1,17,10,1,17,10,1,17,14,1,17,14,1,17,14,1,17,14,1,22,18,1,22,18,1,17,10,1,17,10,1,17,10,1
5,2021-01-06,21,17,1,21,17,1,16,7,1,21,17,1,16,7,1,16,7,1,16,12,1,16,12,1,16,12,1,16,12,1,21,17,1,21,17,1,16,7,1,16,7,1,16,7,1
6,2021-01-07,19,12,1,19,12,1,13,5,1,19,12,1,13,5,1,13,5,1,12,6,1,12,6,1,12,6,1,12,6,1,19,12,1,19,12,1,13,5,1,13,5,1,13,5,1
7,2021-01-08,16,12,1,16,12,1,9,5,1,16,12,1,9,5,1,9,5,1,7,7,1,7,7,1,7,7,1,7,7,1,16,12,1,16,12,1,9,5,1,9,5,1,9,5,1
8,2021-01-09,17,13,0,17,13,0,10,5,0,17,13,0,10,5,0,10,5,0,8,8,0,8,8,0,8,8,0,8,8,0,17,13,0,17,13,0,10,5,0,10,5,0,10,5,0
9,2021-01-10,19,15,0,19,15,0,13,7,0,19,15,0,13,7,0,13,7,0,14,12,0,14,12,0,14,12,0,14,12,0,19,15,0,19,15,0,13,7,0,13,7,0,13,7,0
10,2021-01-11,19,14,1,19,14,1,11,7,1,19,14,1,11,7,1,11,7,1,13,9,1,13,9,1,13,9,1,13,9,1,19,14,1,19,14,1,11,7,1,11,7,1,11,7,1
11,2021-01-12,18,13,1,18,13,1,11,5,1,18,13,1,11,5,1,11,5,1,12,8,1,12,8,1,12,8,1,12,8,1,18,13,1,18,13,1,11,5,1,11,5,1,11,5,1
12,2021-01-13,20,15,1,20,15,1,15,7,1,20,15,1,15,7,1,15,7,1,17,12,1,17,12,1,17,12,1,17,12,1,20,15,1,20,15,1,15,7,1,15,7,1,15,7,1
13,2021-01-14,21,16,1,21,16,1,16,8,1,21,16,1,16,8,1,16,8,1,19,13,1,19,13,1,19,13,1,19,13,1,21,16,1,21,16,1,16,8,1,16,8,1,16,8,1
14,2021-01-15,23,17,1,23,17,1,18,9,1,23,17,1,18,9,1,18,9,1,20,15,1,20,15,1,20,15,1,20,15,1,23,17,1,23,17,1,18,9,1,18,9,1,18,9,1
15,2021-01-16,23,16,0,23,16,0,19,8,0,23,16,0,19,8,0,19,8,0,20,11,0,20,11,0,20,11,0,20,11,0,23,16,0,23,16,0,19,8,0,19,8,0,19,8,0
16,2021-01-17,21,14,0,21,14,0,15,7,0,21,14,0,15,7,0,15,7,0,14,11,0,14,11,0,14,11,0,14,11,0,21,14,0,21,14,0,15,7,0,15,7,0,15,7,0
17,2021-01-18,20,15,1,20,15,1,15,8,1,20,15,1,15,8,1,15,8,1,15,12,1,15,12,1,15,12,1,15,12,1,20,15,1,20,15,1,15,8,1,15,8,1,15,8,1
18,2021-01-19,22,18,1,22,18,1,18,8,1,22,18,1,18,8,1,18,8,1,19,15,1,19,15,1,19,15,1,19,15,1,22,18,1,22,18,1,18,8,1,18,8,1,18,8,1
19,2021-01-20,23,20,1,23,20,1,19,11,1,23,20,1,19,11,1,19,11,1,22,17,1,22,17,1,22,17,1,22,17,1,23,20,1,23,20,1,19,11,1,19,11,1,19,11,1
20,2021-01-21,25,21,1,25,21,1,20,13,1,25,21,1,20,13,1,20,13,1,23,19,1,23,19,1,23,19,1,23,19,1,25,21,1,25,21,1,20,13,1,20,13,1,20,13,1
21,2021-01-22,22,20,1,22,20,1,17,13,1,22,20,1,17,13,1,17,13,1,22,17,1,22,17,1,22,17,1,22,17,1,22,20,1,22,20,1,17,13,1,17,13,1,17,13,1
22,2021-01-23,24,19,0,24,19,0,17,10,0,24,19,0,17,10,0,17,10,0,19,14,0,19,14,0,19,14,0,19,14,0,24,19,0,24,19,0,17,10,0,17,10,0,17,10,0
23,2021-01-24,24,18,0,24,18,0,19,10,0,24,18,0,19,10,0,19,10,0,18,14,0,18,14,0,18,14,0,18,14,0,24,18,0,24,18,0,19,10,0,19,10,0,19,10,0
24,2021-01-25,23,18,1,23,18,1,18,10,1,23,18,1,18,10,1,18,10,1,19,15,1,19,15,1,19,15,1,19,15,1,23,18,1,23,18,1,18,10,1,18,10,1,18,10,1
25,2021-01-26,23,19,1,23,19,1,18,10,1,23,19,1,18,10,1,18,10,1,21,16,1,21,16,1,21,16,1,21,16,1,23,19,1,23,19,1,18,10,1,18,10,1,18,10,1
26,2021-01-27,23,18,1,23,18,1,18,10,1,23,18,1,18,10,1,18,10,1,19,13,1,19,13,1,19,13,1,19,13,1,23,18,1,23,18,1,18,10,1,18,10,1,18,10,1
27,2021-01-28,23,16,1,23,16,1,17,8,1,23,16,1,17,8,1,17,8,1,17,11,1,17,11,1,17,11,1,17,11,1,23,16,1,23,16,1,17,8,1,17,8,1,17,8,1
28,2021-01-29,21,16,1,21,16,1,16,8,1,21,16,1,16,8,1,16,8,1,15,13,1,15,13,1,15,13,1,15,13,1,21,16,1,21,16,1,16,8,1,16,8,1,16,8,1
29,2021-01-30,22,17,0,22,17,0,17,9,0,22,17,0,17,9,0,17,9,0,19,14,0,19,14,0,19,14,0,19,14,0,22,17,0,22,17,0,17,9,0,17,9,0,17,9,0
30,2021-01-31,23,17,0,23,17,0,18,9,0,23,17,0,18,9,0,18,9,0,21,15,0,21,15,0,21,15,0,21,15,0,23,17,0,23,17,0,18,9,0,18,9,0,18,9,0
31,2021-02-01,24,19,1,24,19,1,19,10,1,24,19,1,19,10,1,19,10,1,21,15,1,21,15,1,21,15,1,21,15,1,24,19,1,24,19,1,19,10,1,19,10,1,19,10,1
32,2021-02-02,24,18,1,24,18,1,20,10,1,24,18,1,20,10,1,20,10,1,19,15,1,19,15,1,19,15,1,19,15,1,24,18,1,24,18,1,20,10,1,20,10,1,20,10,1
33,2021-02-03,24,18,1,24,18,1,19,10,1,24,18,1,19,10,1,19,10,1,21,15,1,21,15,1,21,15,1,21,15,1,24,18,1,24,18,1,19,10,1,19,10,1,19,10,1
34,2021-02-04,24,18,1,24,18,1,20,10,1,24,18,1,20,10,1,20,10,1,21,16,1,21,16,1,21,16,1,21,16,1,24,18,1,24,18,1,20,10,1,20,10,1,20,10,1
35,2021-02-05,24,18,1,24,18,1,20,10,1,24,18,1,20,10,1,20,10,1,22,14,1,22,14,1,22,14,1,22,14,1,24,18,1,24,18,1,20,10,1,20,10,1,20,10,1
36,2021-02-06,24,19,0,24,19,0,20,11,0,24,19,0,20,11,0,20,11,0,21,17,0,21,17,0,21,17,0,21,17,0,24,19,0,24,19,0,20,11,0,20,11,0,20,11,0
37,2021-02-07,25,19,1,25,19,1,21,11,1,25,19,1,21,11,1,21,11,1,23,18,1,23,18,1,23,18,1,23,18,1,25,19,1,25,19,1,21,11,1,21,11,1,21,11,1
38,2021-02-08,23,20,1,23,20,1,20,12,1,23,20,1,20,12,1,20,12,1,20,16,1,20,16,1,20,16,1,20,16,1,23,20,1,23,20,1,20,12,1,20,12,1,20,12,1
39,2021-02-09,22,20,1,22,20,1,19,12,1,22,20,1,19,12,1,19,12,1,18,17,1,18,17,1,18,17,1,18,17,1,22,20,1,22,20,1,19,12,1,19,12,1,19,12,1
40,2021-02-10,23,20,1,23,20,1,20,13,1,23,20,1,20,13,1,20,13,1,20,17,1,20,17,1,20,17,1,20,17,1,23,20,1,23,20,1,20,13,1,20,13,1,20,13,1
41,2021-02-11,23,18,0,23,18,0,17,11,0,23,18,0,17,11,0,17,11,0,19,16,0,19,16,0,19,16,0,19,16,0,23,18,0,23,18,0,17,11,0,17,11,0,17,11,0
42,2021-02-12,22,19,0,22,19,0,18,12,0,22,19,0,18,12,0,18,12,0,19,17,0,19,17,0,19,17,0,19,17,0,22,19,0,22,19,0,18,12,0,18,12,0,18,12,0
43,2021-02-13,22,19,0,22,19,0,19,12,0,22,19,0,19,12,0,19,12,0,19,17,0,19,17,0,19,17,0,19,17,0,22,19,0,22,19,0,19,12,0,19,12,0,19,12,0
44,2021-02-14,24,18,0,24,18,0,18,11,0,24,18,0,18,11,0,18,11,0,20,15,0,20,15,0,20,15,0,20,15,0,24,18,0,24,18,0,18,11,0,18,11,0,18,11,0
45,2021-02-15,24,19,0,24,19,0,21,11,0,24,19,0,21,11,0,21,11,0,21,16,0,21,16,0,21,16,0,21,16,0,24,19,0,24,19,0,21,11,0,21,11,0,21,11,0
46,2021-02-16,23,18,0,23,18,0,18,11,0,23,18,0,18,11,0,18,11,0,19,13,0,19,13,0,19,13,0,19,13,0,23,18,0,23,18,0,18,11,0,18,11,0,18,11,0
47,2021-02-17,24,16,0,24,16,0,18,10,0,24,16,0,18,10,0,18,10,0,17,11,0,17,11,0,17,11,0,17,11,0,24,16,0,24,16,0,18,10,0,18,10,0,18,10,0
48,2021-02-18,21,15,1,21,15,1,16,7,1,21,15,1,16,7,1,16,7,1,16,11,1,16,11,1,16,11,1,16,11,1,21,15,1,21,15,1,16,7,1,16,7,1,16,7,1
49,2021-02-19,22,16,1,22,16,1,17,8,1,22,16,1,17,8,1,17,8,1,18,12,1,18,12,1,18,12,1,18,12,1,22,16,1,22,16,1,17,8,1,17,8,1,17,8,1
50,2021-02-20,23,17,1,23,17,1,18,9,1,23,17,1,18,9,1,18,9,1,20,13,1,20,13,1,20,13,1,20,13,1,23,17,1,23,17,1,18,9,1,18,9,1,18,9,1
51,2021-02-21,24,18,0,24,18,0,21,11,0,24,18,0,21,11,0,21,11,0,20,15,0,20,15,0,20,15,0,20,15,0,24,18,0,24,18,0,21,11,0,21,11,0,21,11,0
52,2021-02-22,25,19,1,25,19,1,24,11,1,25,19,1,24,11,1,24,11,1,23,17,1,23,17,1,23,17,1,23,17,1,25,19,1,25,19,1,24,11,1,24,11,1,24,11,1
53,2021-02-23,25,20,1,25,20,1,25,13,1,25,20,1,25,13,1,25,13,1,23,17,1,23,17,1,23,17,1,23,17,1,25,20,1,25,20,1,25,13,1,25,13,1,25,13,1
54,2021-02-24,25,20,1,25,20,1,24,13,1,25,20,1,24,13,1,24,13,1,23,18,1,23,18,1,23,18,1,23,18,1,25,20,1,25,20,1,24,13,1,24,13,1,24,13,1
55,2021-02-25,24,21,1,24,21,1,22,13,1,24,21,1,22,13,1,22,13,1,22,17,1,22,17,1,22,17,1,22,17,1,24,21,1,24,21,1,22,13,1,22,13,1,22,13,1
56,2021-02-26,25,20,1,25,20,1,23,13,1,25,20,1,23,13,1,23,13,1,20,15,1,20,15,1,20,15,1,20,15,1,25,20,1,25,20,1,23,13,1,23,13,1,23,13,1
57,2021-02-27,24,20,0,24,20,0,20,12,0,24,20,0,20,12,0,20,12,0,17,15,0,17,15,0,17,15,0,17,15,0,24,20,0,24,20,0,20,12,0,20,12,0,20,12,0
58,2021-02-28,24,21,0,24,21,0,23,13,0,24,21,0,23,13,0,23,13,0,19,17,0,19,17,0,19,17,0,19,17,0,24,21,0,24,21,0,23,13,0,23,13,0,23,13,0
59,2021-03-01,25,20,1,25,20,1,23,13,1,25,20,1,23,13,1,23,13,1,21,14,1,21,14,1,21,14,1,21,14,1,25,20,1,25,20,1,23,13,1,23,13,1,23,13,1
60,2021-03-02,24,19,1,24,19,1,19,12,1,24,19,1,19,12,1,19,12,1,16,15,1,16,15,1,16,15,1,16,15,1,24,19,1,24,19,1,19,12,1,19,12,1,19,12,1
61,2021-03-03,22,20,1,22,20,1,19,12,1,22,20,1,19,12,1,19,12,1,18,17,1,18,17,1,18,17,1,18,17,1,22,20,1,22,20,1,19,12,1,19,12,1,19,12,1
62,2021-03-04,24,22,1,24,22,1,21,14,1,24,22,1,21,14,1,21,14,1,19,18,1,19,18,1,19,18,1,19,18,1,24,22,1,24,22,1,21,14,1,21,14,1,21,14,1
63,2021-03-05,25,22,1,25,22,1,22,14,1,25,22,1,22,14,1,22,14,1,21,18,1,21,18,1,21,18,1,21,18,1,25,22,1,25,22,1,22,14,1,22,14,1,22,14,1
64,2021-03-06,26,21,0,26,21,0,22,14,0,26,21,0,22,14,0,22,14,0,21,17,0,21,17,0,21,17,0,21,17,0,26,21,0,26,21,0,22,14,0,22,14,0,22,14,0
65,2021-03-07,24,20,0,24,20,0,23,13,0,24,20,0,23,13,0,23,13,0,20,17,0,20,17,0,20,17,0,20,17,0,24,20,0,24,20,0,23,13,0,23,13,0,23,13,0
66,2021-03-08,23,20,1,23,20,1,21,13,1,23,20,1,21,13,1,21,13,1,19,17,1,19,17,1,19,17,1,19,17,1,23,20,1,23,20,1,21,13,1,21,13,1,21,13,1
67,2021-03-09,26,21,1,26,21,1,22,13,1,26,21,1,22,13,1,22,13,1,21,17,1,21,17,1,21,17,1,21,17,1,26,21,1,26,21,1,22,13,1,22,13,1,22,13,1
68,2021-03-10,24,21,1,24,21,1,22,13,1,24,21,1,22,13,1,22,13,1,19,17,1,19,17,1,19,17,1,19,17,1,24,21,1,24,21,1,22,13,1,22,13,1,22,13,1
69,2021-03-11,24,21,1,24,21,1,22,13,1,24,21,1,22,13,1,22,13,1,22,17,1,22,17,1,22,17,1,22,17,1,24,21,1,24,21,1,22,13,1,22,13,1,22,13,1
70,2021-03-12,24,21,1,24,21,1,22,13,1,24,21,1,22,13,1,22,13,1,20,16,1,20,16,1,20,16,1,20,16,1,24,21,1,24,21,1,22,13,1,22,13,1,22,13,1
71,2021-03-13,23,20,0,23,20,0,21,13,0,23,20,0,21,13,0,21,13,0,18,17,0,18,17,0,18,17,0,18,17,0,23,20,0,23,20,0,21,13,0,21,13,0,21,13,0
72,2021-03-14,25,20,0,25,20,0,23,13,0,25,20,0,23,13,0,23,13,0,22,17,0,22,17,0,22,17,0,22,17,0,25,20,0,25,20,0,23,13,0,23,13,0,23,13,0
73,2021-03-15,26,21,1,26,21,1,22,13,1,26,21,1,22,13,1,22,13,1,24,16,1,24,16,1,24,16,1,24,16,1,26,21,1,26,21,1,22,13,1,22,13,1,22,13,1
74,2021-03-16,28,22,1,28,22,1,26,17,1,28,22,1,26,17,1,26,17,1,24,17,1,24,17,1,24,17,1,24,17,1,28,22,1,28,22,1,26,17,1,26,17,1,26,17,1
75,2021-03-17,28,22,1,28,22,1,26,14,1,28,22,1,26,14,1,26,14,1,24,19,1,24,19,1,24,19,1,24,19,1,28,22,1,28,22,1,26,14,1,26,14,1,26,14,1
76,2021-03-18,26,22,1,26,22,1,25,15,1,26,22,1,25,15,1,25,15,1,23,19,1,23,19,1,23,19,1,23,19,1,26,22,1,26,22,1,25,15,1,25,15,1,25,15,1
77,2021-03-19,26,22,1,26,22,1,24,15,1,26,22,1,24,15,1,24,15,1,22,19,1,22,19,1,22,19,1,22,19,1,26,22,1,26,22,1,24,15,1,24,15,1,24,15,1
78,2021-03-20,26,20,0,26,20,0,26,13,0,26,20,0,26,13,0,26,13,0,22,16,0,22,16,0,22,16,0,22,16,0,26,20,0,26,20,0,26,13,0,26,13,0,26,13,0
79,2021-03-21,25,19,0,25,19,0,22,12,0,25,19,0,22,12,0,22,12,0,17,13,0,17,13,0,17,13,0,17,13,0,25,19,0,25,19,0,22,12,0,22,12,0,22,12,0
80,2021-03-22,21,19,1,21,19,1,15,12,1,21,19,1,15,12,1,15,12,1,17,14,1,17,14,1,17,14,1,17,14,1,21,19,1,21,19,1,15,12,1,15,12,1,15,12,1
81,2021-03-23,22,19,1,22,19,1,21,13,1,22,19,1,21,13,1,21,13,1,18,15,1,18,15,1,18,15,1,18,15,1,22,19,1,22,19,1,21,13,1,21,13,1,21,13,1
82,2021-03-24,25,19,1,25,19,1,18,12,1,25,19,1,18,12,1,18,12,1,20,14,1,20,14,1,20,14,1,20,14,1,25,19,1,25,19,1,18,12,1,18,12,1,18,12,1
83,2021-03-25,26,20,1,26,20,1,22,13,1,26,20,1,22,13,1,22,13,1,18,17,1,18,17,1,18,17,1,18,17,1,26,20,1,26,20,1,22,13,1,22,13,1,22,13,1
84,2021-03-26,26,22,1,26,22,1,23,14,1,26,22,1,23,14,1,23,14,1,23,17,1,23,17,1,23,17,1,23,17,1,26,22,1,26,22,1,23,14,1,23,14,1,23,14,1
85,2021-03-27,28,23,0,28,23,0,24,16,0,28,23,0,24,16,0,24,16,0,24,19,0,24,19,0,24,19,0,24,19,0,28,23,0,28,23,0,24,16,0,24,16,0,24,16,0
86,2021-03-28,29,23,0,29,23,0,25,16,0,29,23,0,25,16,0,25,16,0,26,19,0,26,19,0,26,19,0,26,19,0,29,23,0,29,23,0,25,16,0,25,16,0,25,16,0
87,2021-03-29,28,20,1,28,20,1,24,18,1,28,20,1,24,18,1,24,18,1,25,20,1,25,20,1,25,20,1,25,20,1,28,20,1,28,20,1,24,18,1,24,18,1,24,18,1
88,2021-03-30,25,23,1,25,23,1,30,17,1,25,23,1,30,17,1,30,17,1,25,21,1,25,21,1,25,21,1,25,21,1,25,23,1,25,23,1,30,17,1,30,17,1,30,17,1
89,2021-03-31,27,24,1,27,24,1,27,18,1,27,24,1,27,18,1,27,18,1,23,21,1,23,21,1,23,21,1,23,21,1,27,24,1,27,24,1,27,18,1,27,18,1,27,18,1
90,2021-04-01,30,24,1,30,24,1,25,17,1,30,24,1,25,17,1,25,17,1,27,21,1,27,21,1,27,21,1,27,21,1,30,24,1,30,24,1,25,17,1,25,17,1,25,17,1
91,2021-04-02,30,24,1,30,24,1,26,17,1,30,24,1,26,17,1,26,17,1,26,21,1,26,21,1,26,21,1,26,21,1,30,24,1,30,24,1,26,17,1,26,17,1,26,17,1
92,2021-04-03,28,24,0,28,24,0,25,17,0,28,24,0,25,17,0,25,17,0,24,19,0,24,19,0,24,19,0,24,19,0,28,24,0,28,24,0,25,17,0,25,17,0,25,17,0
93,2021-04-04,27,22,0,27,22,0,25,15,0,27,22,0,25,15,0,25,15,0,20,15,0,20,15,0,20,15,0,20,15,0,27,22,0,27,22,0,25,15,0,25,15,0,25,15,0
94,2021-04-05,24,22,0,24,22,0,23,15,0,24,22,0,23,15,0,23,15,0,20,16,0,20,16,0,20,16,0,20,16,0,24,22,0,24,22,0,23,15,0,23,15,0,23,15,0
95,2021-04-06,25,22,1,25,22,1,23,15,1,25,22,1,23,15,1,23,15,1,20,17,1,20,17,1,20,17,1,20,17,1,25,22,1,25,22,1,23,15,1,23,15,1,23,15,1
96,2021-04-07,25,22,1,25,22,1,24,15,1,25,22,1,24,15,1,24,15,1,21,18,1,21,18,1,21,18,1,21,18,1,25,22,1,25,22,1,24,15,1,24,15,1,24,15,1
97,2021-04-08,25,21,1,25,21,1,23,15,1,25,21,1,23,15,1,23,15,1,22,17,1,22,17,1,22,17,1,22,17,1,25,21,1,25,21,1,23,15,1,23,15,1,23,15,1
98,2021-04-09,24,21,1,24,21,1,21,15,1,24,21,1,21,15,1,21,15,1,19,18,1,19,18,1,19,18,1,19,18,1,24,21,1,24,21,1,21,15,1,21,15,1,21,15,1
99,2021-04-10,27,22,0,27,22,0,23,15,0,27,22,0,23,15,0,23,15,0,22,18,0,22,18,0,22,18,0,22,18,0,27,22,0,27,22,0,23,15,0,23,15,0,23,15,0
100,2021-04-11,28,22,0,28,22,0,23,15,0,28,22,0,23,15,0,23,15,0,26,20,0,26,20,0,26,20,0,26,20,0,28,22,0,28,22,0,23,15,0,23,15,0,23,15,0
101,2021-04-12,28,23,1,28,23,1,23,16,1,28,23,1,23,16,1,23,16,1,26,20,1,26,20,1,26,20,1,26,20,1,28,23,1,28,23,1,23,16,1,23,16,1,23,16,1
102,2021-04-13,28,23,1,28,23,1,25,17,1,28,23,1,25,17,1,25,17,1,25,19,1,25,19,1,25,19,1,25,19,1,28,23,1,28,23,1,25,17,1,25,17,1,25,17,1
103,2021-04-14,27,23,1,27,23,1,23,16,1,27,23,1,23,16,1,23,16,1,20,19,1,20,19,1,20,19,1,20,19,1,27,23,1,27,23,1,23,16,1,23,16,1,23,16,1
104,2021-04-15,27,23,1,27,23,1,23,16,1,27,23,1,23,16,1,23,16,1,23,19,1,23,19,1,23,19,1,23,19,1,27,23,1,27,23,1,23,16,1,23,16,1,23,16,1
105,2021-04-16,27,23,1,27,23,1,23,17,1,27,23,1,23,17,1,23,17,1,23,19,1,23,19,1,23,19,1,23,19,1,27,23,1,27,23,1,23,17,1,23,17,1,23,17,1
106,2021-04-17,27,23,0,27,23,0,23,17,0,27,23,0,23,17,0,23,17,0,22,18,0,22,18,0,22,18,0,22,18,0,27,23,0,27,23,0,23,17,0,23,17,0,23,17,0
107,2021-04-18,27,22,0,27,22,0,23,16,0,27,22,0,23,16,0,23,16,0,21,18,0,21,18,0,21,18,0,21,18,0,27,22,0,27,22,0,23,16,0,23,16,0,23,16,0
108,2021-04-19,25,22,1,25,22,1,23,16,1,25,22,1,23,16,1,23,16,1,23,19,1,23,19,1,23,19,1,23,19,1,25,22,1,25,22,1,23,16,1,23,16,1,23,16,1
109,2021-04-20,25,23,1,25,23,1,29,18,1,25,23,1,29,18,1,29,18,1,25,20,1,25,20,1,25,20,1,25,20,1,25,23,1,25,23,1,29,18,1,29,18,1,29,18,1
110,2021-04-21,29,24,1,29,24,1,24,18,1,29,24,1,24,18,1,24,18,1,26,22,1,26,22,1,26,22,1,26,22,1,29,24,1,29,24,1,24,18,1,24,18,1,24,18,1
111,2021-04-22,29,24,1,29,24,1,24,18,1,29,24,1,24,18,1,24,18,1,27,21,1,27,21,1,27,21,1,27,21,1,29,24,1,29,24,1,24,18,1,24,18,1,24,18,1
112,2021-04-23,29,24,1,29,24,1,23,17,1,29,24,1,23,17,1,23,17,1,25,21,1,25,21,1,25,21,1,25,21,1,29,24,1,29,24,1,23,17,1,23,17,1,23,17,1
113,2021-04-24,27,23,0,27,23,0,24,17,0,27,23,0,24,17,0,24,17,0,24,20,0,24,20,0,24,20,0,24,20,0,27,23,0,27,23,0,24,17,0,24,17,0,24,17,0
114,2021-04-25,26,23,1,26,23,1,21,17,1,26,23,1,21,17,1,21,17,1,23,20,1,23,20,1,23,20,1,23,20,1,26,23,1,26,23,1,21,17,1,21,17,1,21,17,1
115,2021-04-26,26,23,1,26,23,1,23,16,1,26,23,1,23,16,1,23,16,1,24,21,1,24,21,1,24,21,1,24,21,1,26,23,1,26,23,1,23,16,1,23,16,1,23,16,1
116,2021-04-27,26,23,1,26,23,1,22,17,1,26,23,1,22,17,1,22,17,1,25,21,1,25,21,1,25,21,1,25,21,1,26,23,1,26,23,1,22,17,1,22,17,1,22,17,1
117,2021-04-28,27,24,1,27,24,1,21,17,1,27,24,1,21,17,1,21,17,1,23,19,1,23,19,1,23,19,1,23,19,1,27,24,1,27,24,1,21,17,1,21,17,1,21,17,1
118,2021-04-29,28,23,1,28,23,1,21,16,1,28,23,1,21,16,1,21,16,1,21,18,1,21,18,1,21,18,1,21,18,1,28,23,1,28,23,1,21,16,1,21,16,1,21,16,1
119,2021-04-30,28,23,1,28,23,1,23,16,1,28,23,1,23,16,1,23,16,1,27,20,1,27,20,1,27,20,1,27,20,1,28,23,1,28,23,1,23,16,1,23,16,1,23,16,1
120,2021-05-01,28,23,0,28,23,0,24,16,0,28,23,0,24,16,0,24,16,0,27,21,0,27,21,0,27,21,0,27,21,0,28,23,0,28,23,0,24,16,0,24,16,0,24,16,0
121,2021-05-02,29,24,0,29,24,0,24,18,0,29,24,0,24,18,0,24,18,0,26,22,0,26,22,0,26,22,0,26,22,0,29,24,0,29,24,0,24,18,0,24,18,0,24,18,0
122,2021-05-03,27,24,0,27,24,0,23,18,0,27,24,0,23,18,0,23,18,0,26,22,0,26,22,0,26,22,0,26,22,0,27,24,0,27,24,0,23,18,0,23,18,0,23,18,0
123,2021-05-04,29,26,0,29,26,0,25,19,0,29,26,0,25,19,0,25,19,0,26,22,0,26,22,0,26,22,0,26,22,0,29,26,0,29,26,0,25,19,0,25,19,0,25,19,0
124,2021-05-05,29,25,0,29,25,0,25,18,0,29,25,0,25,18,0,25,18,0,24,21,0,24,21,0,24,21,0,24,21,0,29,25,0,29,25,0,25,18,0,25,18,0,25,18,0
125,2021-05-06,29,25,1,29,25,1,26,18,1,29,25,1,26,18,1,26,18,1,26,22,1,26,22,1,26,22,1,26,22,1,29,25,1,29,25,1,26,18,1,26,18,1,26,18,1
126,2021-05-07,30,26,1,30,26,1,27,19,1,30,26,1,27,19,1,27,19,1,27,23,1,27,23,1,27,23,1,27,23,1,30,26,1,30,26,1,27,19,1,27,19,1,27,19,1
127,2021-05-08,30,26,1,30,26,1,29,19,1,30,26,1,29,19,1,29,19,1,27,23,1,27,23,1,27,23,1,27,23,1,30,26,1,30,26,1,29,19,1,29,19,1,29,19,1
128,2021-05-09,30,26,0,30,26,0,29,20,0,30,26,0,29,20,0,29,20,0,27,23,0,27,23,0,27,23,0,27,23,0,30,26,0,30,26,0,29,20,0,29,20,0,29,20,0
129,2021-05-10,30,26,1,30,26,1,30,20,1,30,26,1,30,20,1,30,20,1,28,23,1,28,23,1,28,23,1,28,23,1,30,26,1,30,26,1,30,20,1,30,20,1,30,20,1
130,2021-05-11,31,26,1,31,26,1,31,19,1,31,26,1,31,19,1,31,19,1,29,24,1,29,24,1,29,24,1,29,24,1,31,26,1,31,26,1,31,19,1,31,19,1,31,19,1
131,2021-05-12,31,27,1,31,27,1,31,20,1,31,27,1,31,20,1,31,20,1,29,24,1,29,24,1,29,24,1,29,24,1,31,27,1,31,27,1,31,20,1,31,20,1,31,20,1
132,2021-05-13,31,27,1,31,27,1,31,21,1,31,27,1,31,21,1,31,21,1,29,25,1,29,25,1,29,25,1,29,25,1,31,27,1,31,27,1,31,21,1,31,21,1,31,21,1
133,2021-05-14,32,27,1,32,27,1,31,20,1,32,27,1,31,20,1,31,20,1,29,25,1,29,25,1,29,25,1,29,25,1,32,27,1,32,27,1,31,20,1,31,20,1,31,20,1
134,2021-05-15,32,27,0,32,27,0,30,21,0,32,27,0,30,21,0,30,21,0,30,25,0,30,25,0,30,25,0,30,25,0,32,27,0,32,27,0,30,21,0,30,21,0,30,21,0
135,2021-05-16,32,27,0,32,27,0,33,21,0,32,27,0,33,21,0,33,21,0,31,25,0,31,25,0,31,25,0,31,25,0,32,27,0,32,27,0,33,21,0,33,21,0,33,21,0
136,2021-05-17,31,27,1,31,27,1,32,21,1,31,27,1,32,21,1,32,21,1,30,25,1,30,25,1,30,25,1,30,25,1,31,27,1,31,27,1,32,21,1,32,21,1,32,21,1
137,2021-05-18,31,27,1,31,27,1,31,20,1,31,27,1,31,20,1,31,20,1,29,24,1,29,24,1,29,24,1,29,24,1,31,27,1,31,27,1,31,20,1,31,20,1,31,20,1
138,2021-05-19,32,27,1,32,27,1,32,21,1,32,27,1,32,21,1,32,21,1,29,24,1,29,24,1,29,24,1,29,24,1,32,27,1,32,27,1,32,21,1,32,21,1,32,21,1
139,2021-05-20,32,27,1,32,27,1,33,21,1,32,27,1,33,21,1,33,21,1,30,25,1,30,25,1,30,25,1,30,25,1,32,27,1,32,27,1,33,21,1,33,21,1,33,21,1
140,2021-05-21,31,27,1,31,27,1,31,22,1,31,27,1,31,22,1,31,22,1,30,25,1,30,25,1,30,25,1,30,25,1,31,27,1,31,27,1,31,22,1,31,22,1,31,22,1
141,2021-05-22,32,27,0,32,27,0,31,21,0,32,27,0,31,21,0,31,21,0,29,25,0,29,25,0,29,25,0,29,25,0,32,27,0,32,27,0,31,21,0,31,21,0,31,21,0
142,2021-05-23,32,28,0,32,28,0,31,21,0,32,28,0,31,21,0,31,21,0,30,25,0,30,25,0,30,25,0,30,25,0,32,28,0,32,28,0,31,21,0,31,21,0,31,21,0
143,2021-05-24,32,27,1,32,27,1,31,21,1,32,27,1,31,21,1,31,21,1,30,24,1,30,24,1,30,24,1,30,24,1,32,27,1,32,27,1,31,21,1,31,21,1,31,21,1
144,2021-05-25,31,27,1,31,27,1,29,21,1,31,27,1,29,21,1,29,21,1,28,25,1,28,25,1,28,25,1,28,25,1,31,27,1,31,27,1,29,21,1,29,21,1,29,21,1
145,2021-05-26,31,27,1,31,27,1,30,21,1,31,27,1,30,21,1,30,21,1,30,25,1,30,25,1,30,25,1,30,25,1,31,27,1,31,27,1,30,21,1,30,21,1,30,21,1
146,2021-05-27,32,27,1,32,27,1,31,22,1,32,27,1,31,22,1,31,22,1,31,25,1,31,25,1,31,25,1,31,25,1,32,27,1,32,27,1,31,22,1,31,22,1,31,22,1
147,2021-05-28,32,28,1,32,28,1,31,21,1,32,28,1,31,21,1,31,21,1,31,23,1,31,23,1,31,23,1,31,23,1,32,28,1,32,28,1,31,21,1,31,21,1,31,21,1
148,2021-05-29,31,27,0,31,27,0,29,21,0,31,27,0,29,21,0,29,21,0,27,24,0,27,24,0,27,24,0,27,24,0,31,27,0,31,27,0,29,21,0,29,21,0,29,21,0
149,2021-05-30,30,27,0,30,27,0,25,21,0,30,27,0,25,21,0,25,21,0,27,24,0,27,24,0,27,24,0,27,24,0,30,27,0,30,27,0,25,21,0,25,21,0,25,21,0
150,2021-05-31,30,26,1,30,26,1,25,21,1,30,26,1,25,21,1,25,21,1,26,24,1,26,24,1,26,24,1,26,24,1,30,26,1,30,26,1,25,21,1,25,21,1,25,21,1
151,2021-06-01,30,27,1,30,27,1,27,21,1,30,27,1,27,21,1,27,21,1,28,25,1,28,25,1,28,25,1,28,25,1,30,27,1,30,27,1,27,21,1,27,21,1,27,21,1
152,2021-06-02,32,27,1,32,27,1,28,21,1,32,27,1,28,21,1,28,21,1,29,25,1,29,25,1,29,25,1,29,25,1,32,27,1,32,27,1,28,21,1,28,21,1,28,21,1
153,2021-06-03,32,27,1,32,27,1,29,22,1,32,27,1,29,22,1,29,22,1,30,26,1,30,26,1,30,26,1,30,26,1,32,27,1,32,27,1,29,22,1,29,22,1,29,22,1
154,2021-06-04,32,26,1,32,26,1,30,22,1,32,26,1,30,22,1,30,22,1,30,24,1,30,24,1,30,24,1,30,24,1,32,26,1,32,26,1,30,22,1,30,22,1,30,22,1
155,2021-06-05,28,26,0,28,26,0,25,20,0,28,26,0,25,20,0,25,20,0,26,23,0,26,23,0,26,23,0,26,23,0,28,26,0,28,26,0,25,20,0,25,20,0,25,20,0
156,2021-06-06,30,25,0,30,25,0,24,20,0,30,25,0,24,20,0,24,20,0,26,24,0,26,24,0,26,24,0,26,24,0,30,25,0,30,25,0,24,20,0,24,20,0,24,20,0
157,2021-06-07,29,26,1,29,26,1,26,20,1,29,26,1,26,20,1,26,20,1,29,24,1,29,24,1,29,24,1,29,24,1,29,26,1,29,26,1,26,20,1,26,20,1,26,20,1
158,2021-06-08,30,26,1,30,26,1,27,20,1,30,26,1,27,20,1,27,20,1,29,24,1,29,24,1,29,24,1,29,24,1,30,26,1,30,26,1,27,20,1,27,20,1,27,20,1
159,2021-06-09,30,26,1,30,26,1,27,21,1,30,26,1,27,21,1,27,21,1,30,25,1,30,25,1,30,25,1,30,25,1,30,26,1,30,26,1,27,21,1,27,21,1,27,21,1
160,2021-06-10,31,27,1,31,27,1,28,21,1,31,27,1,28,21,1,28,21,1,29,25,1,29,25,1,29,25,1,29,25,1,31,27,1,31,27,1,28,21,1,28,21,1,28,21,1
161,2021-06-11,31,27,1,31,27,1,29,21,1,31,27,1,29,21,1,29,21,1,30,25,1,30,25,1,30,25,1,30,25,1,31,27,1,31,27,1,29,21,1,29,21,1,29,21,1
162,2021-06-12,31,26,0,31,26,0,29,21,0,31,26,0,29,21,0,29,21,0,30,25,0,30,25,0,30,25,0,30,25,0,31,26,0,31,26,0,29,21,0,29,21,0,29,21,0
163,2021-06-13,31,27,0,31,27,0,29,21,0,31,27,0,29,21,0,29,21,0,29,25,0,29,25,0,29,25,0,29,25,0,31,27,0,31,27,0,29,21,0,29,21,0,29,21,0
164,2021-06-14,31,27,0,31,27,0,29,21,0,31,27,0,29,21,0,29,21,0,31,26,0,31,26,0,31,26,0,31,26,0,31,27,0,31,27,0,29,21,0,29,21,0,29,21,0
165,2021-06-15,31,27,1,31,27,1,29,21,1,31,27,1,29,21,1,29,21,1,31,26,1,31,26,1,31,26,1,31,26,1,31,27,1,31,27,1,29,21,1,29,21,1,29,21,1
166,2021-06-16,30,27,1,30,27,1,28,21,1,30,27,1,28,21,1,28,21,1,31,26,1,31,26,1,31,26,1,31,26,1,30,27,1,30,27,1,28,21,1,28,21,1,28,21,1
167,2021-06-17,30,27,1,30,27,1,28,21,1,30,27,1,28,21,1,28,21,1,31,26,1,31,26,1,31,26,1,31,26,1,30,27,1,30,27,1,28,21,1,28,21,1,28,21,1
168,2021-06-18,31,27,1,31,27,1,29,22,1,31,27,1,29,22,1,29,22,1,32,27,1,32,27,1,32,27,1,32,27,1,31,27,1,31,27,1,29,22,1,29,22,1,29,22,1
169,2021-06-19,30,27,0,30,27,0,29,21,0,30,27,0,29,21,0,29,21,0,32,27,0,32,27,0,32,27,0,32,27,0,30,27,0,30,27,0,29,21,0,29,21,0,29,21,0
170,2021-06-20,30,27,0,30,27,0,27,21,0,30,27,0,27,21,0,27,21,0,31,27,0,31,27,0,31,27,0,31,27,0,30,27,0,30,27,0,27,21,0,27,21,0,27,21,0
171,2021-06-21,30,26,1,30,26,1,26,21,1,30,26,1,26,21,1,26,21,1,30,26,1,30,26,1,30,26,1,30,26,1,30,26,1,30,26,1,26,21,1,26,21,1,26,21,1
172,2021-06-22,29,25,1,29,25,1,24,20,1,29,25,1,24,20,1,24,20,1,29,25,1,29,25,1,29,25,1,29,25,1,29,25,1,29,25,1,24,20,1,24,20,1,24,20,1
173,2021-06-23,28,26,1,28,26,1,23,20,1,28,26,1,23,20,1,23,20,1,27,25,1,27,25,1,27,25,1,27,25,1,28,26,1,28,26,1,23,20,1,23,20,1,23,20,1
174,2021-06-24,29,26,1,29,26,1,27,20,1,29,26,1,27,20,1,27,20,1,29,25,1,29,25,1,29,25,1,29,25,1,29,26,1,29,26,1,27,20,1,27,20,1,27,20,1
175,2021-06-25,29,26,1,29,26,1,26,21,1,29,26,1,26,21,1,26,21,1,28,25,1,28,25,1,28,25,1,28,25,1,29,26,1,29,26,1,26,21,1,26,21,1,26,21,1
176,2021-06-26,29,26,0,29,26,0,27,21,0,29,26,0,27,21,0,27,21,0,30,25,0,30,25,0,30,25,0,30,25,0,29,26,0,29,26,0,27,21,0,27,21,0,27,21,0
177,2021-06-27,30,26,0,30,26,0,27,21,0,30,26,0,27,21,0,27,21,0,30,26,0,30,26,0,30,26,0,30,26,0,30,26,0,30,26,0,27,21,0,27,21,0,27,21,0
178,2021-06-28,30,26,1,30,26,1,27,21,1,30,26,1,27,21,1,27,21,1,31,26,1,31,26,1,31,26,1,31,26,1,30,26,1,30,26,1,27,21,1,27,21,1,27,21,1
179,2021-06-29,30,27,1,30,27,1,26,22,1,30,27,1,26,22,1,26,22,1,30,26,1,30,26,1,30,26,1,30,26,1,30,27,1,30,27,1,26,22,1,26,22,1,26,22,1
180,2021-06-30,31,27,1,31,27,1,28,21,1,31,27,1,28,21,1,28,21,1,31,25,1,31,25,1,31,25,1,31,25,1,31,27,1,31,27,1,28,21,1,28,21,1,28,21,1
181,2021-07-01,31,27,1,31,27,1,29,21,1,31,27,1,29,21,1,29,21,1,31,26,1,31,26,1,31,26,1,31,26,1,31,27,1,31,27,1,29,21,1,29,21,1,29,21,1
182,2021-07-02,31,27,1,31,27,1,28,21,1,31,27,1,28,21,1,28,21,1,31,26,1,31,26,1,31,26,1,31,26,1,31,27,1,31,27,1,28,21,1,28,21,1,28,21,1
183,2021-07-03,31,27,0,31,27,0,29,21,0,31,27,0,29,21,0,29,21,0,31,26,0,31,26,0,31,26,0,31,26,0,31,27,0,31,27,0,29,21,0,29,21,0,29,21,0
184,2021-07-04,32,27,0,32,27,0,29,21,0,32,27,0,29,21,0,29,21,0,30,25,0,30,25,0,30,25,0,30,25,0,32,27,0,32,27,0,29,21,0,29,21,0,29,21,0
185,2021-07-05,32,27,1,32,27,1,29,22,1,32,27,1,29,22,1,29,22,1,32,26,1,32,26,1,32,26,1,32,26,1,32,27,1,32,27,1,29,22,1,29,22,1,29,22,1
186,2021-07-06,31,27,1,31,27,1,30,21,1,31,27,1,30,21,1,30,21,1,32,26,1,32,26,1,32,26,1,32,26,1,31,27,1,31,27,1,30,21,1,30,21,1,30,22,1
187,2021-07-07,33,27,1,33,27,1,30,21,1,33,27,1,30,21,1,30,21,1,31,26,1,31,26,1,31,26,1,31,26,1,33,27,1,33,27,1,30,21,1,30,21,1,30,21,1
188,2021-07-08,32,27,1,32,27,1,29,21,1,32,27,1,29,21,1,29,21,1,31,25,1,31,25,1,31,25,1,31,25,1,32,27,1,32,27,1,29,21,1,29,21,1,29,21,1
189,2021-07-09,32,27,1,32,27,1,29,21,1,32,27,1,29,21,1,29,21,1,31,25,1,31,25,1,31,25,1,31,25,1,32,27,1,32,27,1,29,21,1,29,21,1,29,21,1
190,2021-07-10,32,27,0,32,27,0,29,21,0,32,27,0,29,21,0,29,21,0,31,25,0,31,25,0,31,25,0,31,25,0,32,27,0,32,27,0,29,21,0,29,21,0,29,21,0
191,2021-07-11,32,27,0,32,27,0,29,21,0,32,27,0,29,21,0,29,21,0,31,26,0,31,26,0,31,26,0,31,26,0,32,27,0,32,27,0,29,21,0,29,21,0,29,21,0
192,2021-07-12,32,27,1,32,27,1,29,21,1,32,27,1,29,21,1,29,21,1,31,25,1,31,25,1,31,25,1,31,25,1,32,27,1,32,27,1,29,21,1,29,21,1,29,21,1
193,2021-07-13,32,27,1,32,27,1,29,21,1,32,27,1,29,21,1,29,21,1,31,25,1,31,25,1,31,25,1,31,25,1,32,27,1,32,27,1,29,21,1,29,21,1,29,21,1
194,2021-07-14,32,27,1,32,27,1,29,22,1,32,27,1,29,22,1,29,22,1,31,25,1,31,25,1,31,25,1,31,25,1,32,27,1,32,27,1,29,22,1,29,22,1,29,22,1
195,2021-07-15,31,26,1,31,26,1,28,21,1,31,26,1,28,21,1,28,21,1,31,25,1,31,25,1,31,25,1,31,25,1,31,26,1,31,26,1,28,21,1,28,21,1,28,21,1
196,2021-07-16,31,27,1,31,27,1,28,21,1,31,27,1,28,21,1,28,21,1,31,25,1,31,25,1,31,25,1,31,25,1,31,27,1,31,27,1,28,21,1,28,21,1,28,21,1
197,2021-07-17,31,27,0,31,27,0,28,21,0,31,27,0,28,21,0,28,21,0,31,25,0,31,25,0,31,25,0,31,25,0,31,27,0,31,27,0,28,21,0,28,21,0,28,21,0
198,2021-07-18,32,27,0,32,27,0,28,21,0,32,27,0,28,21,0,28,21,0,31,25,0,31,25,0,31,25,0,31,25,0,32,27,0,32,27,0,28,21,0,28,21,0,28,21,0
199,2021-07-19,31,26,1,31,26,1,29,21,1,31,26,1,29,21,1,29,21,1,31,25,1,31,25,1,31,25,1,31,25,1,31,26,1,31,26,1,29,21,1,29,21,1,29,21,1
200,2021-07-20,30,27,1,30,27,1,28,21,1,30,27,1,28,21,1,28,21,1,31,25,1,31,25,1,31,25,1,31,25,1,30,27,1,30,27,1,28,21,1,28,21,1,28,21,1
201,2021-07-21,32,27,1,32,27,1,30,22,1,32,27,1,30,22,1,30,22,1,31,25,1,31,25,1,31,25,1,31,25,1,32,27,1,32,27,1,30,22,1,30,22,1,30,22,1
202,2021-07-22,31,27,1,31,27,1,27,25,1,31,27,1,27,25,1,27,25,1,29,26,1,29,26,1,29,26,1,29,26,1,31,27,1,31,27,1,27,25,1,27,25,1,27,25,1
203,2021-07-23,29,27,1,29,27,1,29,22,1,29,27,1,29,22,1,29,22,1,28,26,1,28,26,1,28,26,1,28,26,1,29,27,1,29,27,1,29,22,1,29,22,1,29,22,1
204,2021-07-24,31,27,0,31,27,0,26,22,0,31,27,0,26,22,0,26,22,0,29,27,0,29,27,0,29,27,0,29,27,0,31,27,0,31,27,0,26,22,0,26,22,0,26,22,0
205,2021-07-25,31,27,0,31,27,0,29,22,0,31,27,0,29,22,0,29,22,0,32,27,0,32,27,0,32,27,0,32,27,0,31,27,0,31,27,0,29,22,0,29,22,0,29,22,0
206,2021-07-26,31,27,1,31,27,1,28,22,1,31,27,1,28,22,1,28,22,1,32,26,1,32,26,1,32,26,1,32,26,1,31,27,1,31,27,1,28,22,1,28,22,1,28,22,1
207,2021-07-27,32,27,1,32,27,1,31,23,1,32,27,1,31,23,1,31,23,1,32,26,1,32,26,1,32,26,1,32,26,1,32,27,1,32,27,1,31,23,1,31,23,1,31,23,1
208,2021-07-28,31,27,1,31,27,1,29,22,1,31,27,1,29,22,1,29,22,1,31,26,1,31,26,1,31,26,1,31,26,1,31,27,1,31,27,1,29,22,1,29,22,1,29,22,1
209,2021-07-29,31,27,1,31,27,1,29,22,1,31,27,1,29,22,1,29,22,1,31,26,1,31,26,1,31,26,1,31,26,1,31,27,1,31,27,1,29,22,1,29,22,1,29,22,1
210,2021-07-30,30,27,1,30,27,1,28,22,1,30,27,1,28,22,1,28,22,1,31,26,1,31,26,1,31,26,1,31,26,1,30,27,1,30,27,1,28,22,1,28,22,1,28,22,1
211,2021-07-31,29,26,0,29,26,0,27,22,0,29,26,0,27,22,0,27,22,0,31,25,0,31,25,0,31,25,0,31,25,0,29,26,0,29,26,0,27,22,0,27,22,0,27,22,0
212,2021-08-01,28,26,0,28,26,0,25,21,0,28,26,0,25,21,0,25,21,0,29,25,0,29,25,0,29,25,0,29,25,0,28,26,0,28,26,0,25,21,0,25,21,0,25,21,0
213,2021-08-02,30,27,1,30,27,1,26,22,1,30,27,1,26,22,1,26,22,1,29,25,1,29,25,1,29,25,1,29,25,1,30,27,1,30,27,1,26,22,1,26,22,1,26,22,1
214,2021-08-03,30,26,1,30,26,1,28,22,1,30,26,1,28,22,1,28,22,1,30,25,1,30,25,1,30,25,1,30,25,1,30,26,1,30,26,1,28,22,1,28,22,1,28,22,1
215,2021-08-04,30,27,1,30,27,1,29,23,1,30,27,1,29,23,1,29,23,1,30,26,1,30,26,1,30,26,1,30,26,1,30,27,1,30,27,1,29,23,1,29,23,1,29,23,1
216,2021-08-05,31,27,1,31,27,1,29,22,1,31,27,1,29,22,1,29,22,1,31,26,1,31,26,1,31,26,1,31,26,1,31,27,1,31,27,1,29,22,1,29,22,1,29,22,1
217,2021-08-06,31,27,1,31,27,1,29,23,1,31,27,1,29,23,1,29,23,1,30,26,1,30,26,1,30,26,1,30,26,1,31,27,1,31,27,1,29,23,1,29,23,1,29,23,1
218,2021-08-07,30,26,0,30,26,0,26,22,0,30,26,0,26,22,0,26,22,0,27,26,0,27,26,0,27,26,0,27,26,0,30,26,0,30,26,0,26,22,0,26,22,0,26,22,0
219,2021-08-08,30,26,0,30,26,0,28,22,0,30,26,0,28,22,0,28,22,0,31,26,0,31,26,0,31,26,0,31,26,0,30,26,0,30,26,0,28,22,0,28,22,0,28,22,0
220,2021-08-09,31,27,1,31,27,1,29,22,1,31,27,1,29,22,1,29,22,1,31,26,1,31,26,1,31,26,1,31,26,1,31,27,1,31,27,1,29,22,1,29,22,1,29,22,1
221,2021-08-10,31,26,1,31,26,1,29,22,1,31,26,1,29,22,1,29,22,1,30,26,1,30,26,1,30,26,1,30,26,1,31,26,1,31,26,1,29,22,1,29,22,1,29,22,1
222,2021-08-11,31,26,1,31,26,1,29,22,1,31,26,1,29,22,1,29,22,1,31,26,1,31,26,1,31,26,1,31,26,1,31,26,1,31,26,1,29,22,1,29,22,1,29,22,1
223,2021-08-12,31,26,1,31,26,1,29,22,1,31,26,1,29,22,1,29,22,1,31,26,1,31,26,1,31,26,1,31,26,1,31,26,1,31,26,1,29,22,1,29,22,1,29,22,1
224,2021-08-13,30,26,1,30,26,1,29,21,1,30,26,1,29,21,1,29,21,1,31,25,1,31,25,1,31,25,1,31,25,1,30,26,1,30,26,1,29,21,1,29,21,1,29,21,1
225,2021-08-14,30,26,0,30,26,0,28,21,0,30,26,0,28,21,0,28,21,0,31,25,0,31,25,0,31,25,0,31,25,0,30,26,0,30,26,0,28,21,0,28,21,0,28,21,0
226,2021-08-15,31,27,0,31,27,0,29,21,0,31,27,0,29,21,0,29,21,0,31,25,0,31,25,0,31,25,0,31,25,0,31,27,0,31,27,0,29,21,0,29,21,0,29,21,0
227,2021-08-16,31,27,1,31,27,1,29,22,1,31,27,1,29,22,1,29,22,1,31,25,1,31,25,1,31,25,1,31,25,1,31,27,1,31,27,1,29,22,1,29,22,1,29,22,1
228,2021-08-17,32,27,1,32,27,1,29,21,1,32,27,1,29,21,1,29,21,1,31,25,1,31,25,1,31,25,1,31,25,1,32,27,1,32,27,1,29,21,1,29,21,1,29,21,1
229,2021-08-18,31,26,1,31,26,1,27,21,1,31,26,1,27,21,1,27,21,1,29,24,1,29,24,1,29,24,1,29,24,1,31,26,1,31,26,1,27,21,1,27,21,1,27,21,1
230,2021-08-19,31,27,1,31,27,1,29,21,1,31,27,1,29,21,1,29,21,1,30,25,1,30,25,1,30,25,1,30,25,1,31,27,1,31,27,1,29,21,1,29,21,1,29,21,1
231,2021-08-20,31,27,1,31,27,1,29,21,1,31,27,1,29,21,1,29,21,1,31,25,1,31,25,1,31,25,1,31,25,1,31,27,1,31,27,1,29,21,1,29,21,1,29,21,1
232,2021-08-21,31,27,0,31,27,0,29,21,0,31,27,0,29,21,0,29,21,0,31,25,0,31,25,0,31,25,0,31,25,0,31,27,0,31,27,0,29,21,0,29,21,0,29,21,0
233,2021-08-22,31,26,0,31,26,0,29,21,0,31,26,0,29,21,0,29,21,0,31,25,0,31,25,0,31,25,0,31,25,0,31,26,0,31,26,0,29,21,0,29,21,0,29,21,0
234,2021-08-23,32,27,1,32,27,1,30,21,1,32,27,1,30,21,1,30,21,1,31,25,1,31,25,1,31,25,1,31,25,1,32,27,1,32,27,1,30,21,1,30,21,1,30,21,1
235,2021-08-24,31,27,1,31,27,1,29,21,1,31,27,1,29,21,1,29,21,1,31,25,1,31,25,1,31,25,1,31,25,1,31,27,1,31,27,1,29,21,1,29,21,1,29,21,1
236,2021-08-25,32,27,1,32,27,1,30,21,1,32,27,1,30,21,1,30,21,1,31,25,1,31,25,1,31,25,1,31,25,1,32,27,1,32,27,1,30,21,1,30,21,1,30,21,1
237,2021-08-26,32,26,1,32,26,1,30,20,1,32,26,1,30,20,1,30,20,1,31,25,1,31,25,1,31,25,1,31,25,1,32,26,1,32,26,1,30,20,1,30,20,1,30,20,1
238,2021-08-27,32,27,1,32,27,1,28,21,1,32,27,1,28,21,1,28,21,1,31,25,1,31,25,1,31,25,1,31,25,1,32,27,1,32,27,1,28,21,1,28,21,1,28,21,1
239,2021-08-28,32,27,0,32,27,0,29,21,0,32,27,0,29,21,0,29,21,0,31,25,0,31,25,0,31,25,0,31,25,0,32,27,0,32,27,0,29,21,0,29,21,0,29,21,0
240,2021-08-29,32,27,0,32,27,0,29,22,0,32,27,0,29,22,0,29,22,0,31,25,0,31,25,0,31,25,0,31,25,0,32,27,0,32,27,0,29,22,0,29,22,0,29,22,0
241,2021-08-30,31,27,1,31,27,1,28,21,1,31,27,1,28,21,1,28,21,1,31,26,1,31,26,1,31,26,1,31,26,1,31,27,1,31,27,1,28,21,1,28,21,1,28,21,1
242,2021-08-31,32,27,1,32,27,1,29,21,1,32,27,1,29,21,1,29,21,1,31,26,1,31,26,1,31,26,1,31,26,1,32,27,1,32,27,1,29,21,1,29,21,1,29,21,1
243,2021-09-01,32,26,1,32,26,1,29,21,1,32,26,1,29,21,1,29,21,1,31,25,1,31,25,1,31,25,1,31,25,1,32,26,1,32,26,1,29,21,1,29,21,1,29,21,1
244,2021-09-02,31,26,1,31,26,1,28,21,1,31,26,1,28,21,1,28,21,1,31,25,1,31,25,1,31,25,1,31,25,1,31,26,1,31,26,1,28,21,1,28,21,1,28,21,1
245,2021-09-03,31,26,1,31,26,1,29,21,1,31,26,1,29,21,1,29,21,1,30,25,1,30,25,1,30,25,1,30,25,1,31,26,1,31,26,1,29,21,1,29,21,1,29,21,1
246,2021-09-04,31,26,0,31,26,0,29,21,0,31,26,0,29,21,0,29,21,0,30,25,0,30,25,0,30,25,0,30,25,0,31,26,0,31,26,0,29,21,0,29,21,0,29,21,0
247,2021-09-05,31,27,0,31,27,0,30,21,0,31,27,0,30,21,0,30,21,0,31,26,0,31,26,0,31,26,0,31,26,0,31,27,0,31,27,0,30,21,0,30,21,0,30,21,0
248,2021-09-06,31,27,1,31,27,1,30,22,1,31,27,1,30,22,1,30,22,1,31,26,1,31,26,1,31,26,1,31,26,1,31,27,1,31,27,1,30,22,1,30,22,1,30,22,1
249,2021-09-07,32,26,1,32,26,1,30,21,1,32,26,1,30,21,1,30,21,1,31,25,1,31,25,1,31,25,1,31,25,1,32,26,1,32,26,1,30,21,1,30,21,1,30,21,1
250,2021-09-08,32,27,1,32,27,1,29,21,1,32,27,1,29,21,1,29,21,1,31,25,1,31,25,1,31,25,1,31,25,1,32,27,1,32,27,1,29,21,1,29,21,1,29,21,1
251,2021-09-09,32,27,1,32,27,1,30,22,1,32,27,1,30,22,1,30,22,1,32,26,1,32,26,1,32,26,1,32,26,1,32,27,1,32,27,1,30,22,1,30,22,1,30,22,1
252,2021-09-10,32,27,1,32,27,1,31,22,1,32,27,1,31,22,1,31,22,1,32,26,1,32,26,1,32,26,1,32,26,1,32,27,1,32,27,1,31,22,1,31,22,1,31,22,1
253,2021-09-11,32,27,0,32,27,0,29,23,0,32,27,0,29,23,0,29,23,0,31,26,0,31,26,0,31,26,0,31,26,0,32,27,0,32,27,0,29,23,0,29,23,0,29,23,0
254,2021-09-12,30,27,0,30,27,0,27,22,0,30,27,0,27,22,0,27,22,0,28,26,0,28,26,0,28,26,0,28,26,0,30,27,0,30,27,0,27,22,0,27,22,0,27,22,0
255,2021-09-13,30,27,1,30,27,1,28,22,1,30,27,1,28,22,1,28,22,1,31,26,1,31,26,1,31,26,1,31,26,1,30,27,1,30,27,1,28,22,1,28,22,1,28,22,1
256,2021-09-14,31,27,1,31,27,1,27,21,1,31,27,1,27,21,1,27,21,1,31,25,1,31,25,1,31,25,1,31,25,1,31,27,1,31,27,1,27,21,1,27,21,1,27,21,1
257,2021-09-15,31,26,1,31,26,1,28,21,1,31,26,1,28,21,1,28,21,1,30,25,1,30,25,1,30,25,1,30,25,1,31,26,1,31,26,1,28,21,1,28,21,1,28,21,1
258,2021-09-16,31,27,1,31,27,1,28,21,1,31,27,1,28,21,1,28,21,1,30,25,1,30,25,1,30,25,1,30,25,1,31,27,1,31,27,1,28,21,1,28,21,1,28,21,1
259,2021-09-17,31,27,1,31,27,1,28,21,1,31,27,1,28,21,1,28,21,1,30,25,1,30,25,1,30,25,1,30,25,1,31,27,1,31,27,1,28,21,1,28,21,1,28,21,1
260,2021-09-18,32,27,1,32,27,1,28,22,1,32,27,1,28,22,1,28,22,1,31,25,1,31,25,1,31,25,1,31,25,1,32,27,1,32,27,1,28,22,1,28,22,1,28,22,1
261,2021-09-19,32,27,0,32,27,0,29,22,0,32,27,0,29,22,0,29,22,0,31,25,0,31,25,0,31,25,0,31,25,0,32,27,0,32,27,0,29,22,0,29,22,0,29,22,0
262,2021-09-20,32,27,0,32,27,0,29,22,0,32,27,0,29,22,0,29,22,0,31,25,0,31,25,0,31,25,0,31,25,0,32,27,0,32,27,0,29,22,0,29,22,0,29,22,0
263,2021-09-21,31,27,0,31,27,0,29,21,0,31,27,0,29,21,0,29,21,0,31,25,0,31,25,0,31,25,0,31,25,0,31,27,0,31,27,0,29,21,0,29,21,0,29,21,0
264,2021-09-22,31,27,1,31,27,1,28,21,1,31,27,1,28,21,1,28,21,1,30,25,1,30,25,1,30,25,1,30,25,1,31,27,1,31,27,1,28,21,1,28,21,1,28,21,1
265,2021-09-23,31,27,1,31,27,1,30,21,1,31,27,1,30,21,1,30,21,1,31,25,1,31,25,1,31,25,1,31,25,1,31,27,1,31,27,1,30,21,1,30,21,1,30,21,1
266,2021-09-24,31,27,1,31,27,1,29,21,1,31,27,1,29,21,1,29,21,1,30,25,1,30,25,1,30,25,1,30,25,1,31,27,1,31,27,1,29,21,1,29,21,1,29,21,1
267,2021-09-25,32,27,0,32,27,0,30,21,0,32,27,0,30,21,0,30,21,0,30,25,0,30,25,0,30,25,0,30,25,0,32,27,0,32,27,0,30,21,0,30,21,0,30,21,0
268,2021-09-26,32,27,1,32,27,1,30,21,1,32,27,1,30,21,1,30,21,1,30,25,1,30,25,1,30,25,1,30,25,1,32,27,1,32,27,1,30,21,1,30,21,1,30,21,1
269,2021-09-27,32,27,1,32,27,1,29,21,1,32,27,1,29,21,1,29,21,1,30,24,1,30,24,1,30,24,1,30,24,1,32,27,1,32,27,1,29,21,1,29,21,1,29,21,1
270,2021-09-28,31,27,1,31,27,1,29,22,1,31,27,1,29,22,1,29,22,1,30,24,1,30,24,1,30,24,1,30,24,1,31,27,1,31,27,1,29,22,1,29,22,1,29,22,1
271,2021-09-29,31,27,1,31,27,1,29,21,1,31,27,1,29,21,1,29,21,1,30,24,1,30,24,1,30,24,1,30,24,1,31,27,1,31,27,1,29,21,1,29,21,1,29,21,1
272,2021-09-30,32,27,1,32,27,1,30,21,1,32,27,1,30,21,1,30,21,1,31,24,1,31,24,1,31,24,1,31,24,1,32,27,1,32,27,1,30,21,1,30,21,1,30,21,1
273,2021-10-01,31,26,0,31,26,0,29,21,0,31,26,0,29,21,0,29,21,0,30,24,0,30,24,0,30,24,0,30,24,0,31,26,0,31,26,0,29,21,0,29,21,0,29,21,0
274,2021-10-02,31,26,0,31,26,0,29,21,0,31,26,0,29,21,0,29,21,0,30,25,0,30,25,0,30,25,0,30,25,0,31,26,0,31,26,0,29,21,0,29,21,0,29,21,0
275,2021-10-03,31,26,0,31,26,0,31,21,0,31,26,0,31,21,0,31,21,0,31,25,0,31,25,0,31,25,0,31,25,0,31,26,0,31,26,0,31,21,0,31,21,0,31,21,0
276,2021-10-04,32,26,0,32,26,0,31,21,0,32,26,0,31,21,0,31,21,0,31,25,0,31,25,0,31,25,0,31,25,0,32,26,0,32,26,0,31,21,0,31,21,0,31,21,0
277,2021-10-05,32,26,0,32,26,0,30,21,0,32,26,0,30,21,0,30,21,0,30,24,0,30,24,0,30,24,0,30,24,0,32,26,0,32,26,0,30,21,0,30,21,0,30,21,0
278,2021-10-06,32,27,0,32,27,0,31,22,0,32,27,0,31,22,0,31,22,0,30,25,0,30,25,0,30,25,0,30,25,0,32,27,0,32,27,0,31,22,0,31,22,0,31,22,0
279,2021-10-07,30,27,0,30,27,0,31,22,0,30,27,0,31,22,0,31,22,0,29,25,0,29,25,0,29,25,0,29,25,0,30,27,0,30,27,0,31,22,0,31,22,0,31,22,0
280,2021-10-08,30,27,1,30,27,1,30,21,1,30,27,1,30,21,1,30,21,1,29,25,1,29,25,1,29,25,1,29,25,1,30,27,1,30,27,1,30,21,1,30,21,1,30,21,1
281,2021-10-09,31,27,1,31,27,1,31,21,1,31,27,1,31,21,1,31,21,1,30,25,1,30,25,1,30,25,1,30,25,1,31,27,1,31,27,1,31,21,1,31,21,1,31,21,1
282,2021-10-10,31,27,0,31,27,0,32,23,0,31,27,0,32,23,0,32,23,0,30,25,0,30,25,0,30,25,0,30,25,0,31,27,0,31,27,0,32,23,0,32,23,0,32,23,0
283,2021-10-11,29,27,1,29,27,1,29,23,1,29,27,1,29,23,1,29,23,1,27,25,1,27,25,1,27,25,1,27,25,1,29,27,1,29,27,1,29,23,1,29,23,1,29,23,1
284,2021-10-12,30,27,1,30,27,1,30,24,1,30,27,1,30,24,1,30,24,1,28,25,1,28,25,1,28,25,1,28,25,1,30,27,1,30,27,1,30,24,1,30,24,1,30,24,1
285,2021-10-13,29,26,1,29,26,1,30,23,1,29,26,1,30,23,1,30,23,1,29,25,1,29,25,1,29,25,1,29,25,1,29,26,1,29,26,1,30,23,1,30,23,1,30,23,1
286,2021-10-14,27,26,1,27,26,1,26,21,1,27,26,1,26,21,1,26,21,1,27,25,1,27,25,1,27,25,1,27,25,1,27,26,1,27,26,1,26,21,1,26,21,1,26,21,1
287,2021-10-15,29,26,1,29,26,1,29,20,1,29,26,1,29,20,1,29,20,1,28,23,1,28,23,1,28,23,1,28,23,1,29,26,1,29,26,1,29,20,1,29,20,1,29,20,1
288,2021-10-16,29,25,0,29,25,0,29,20,0,29,25,0,29,20,0,29,20,0,28,21,0,28,21,0,28,21,0,28,21,0,29,25,0,29,25,0,29,20,0,29,20,0,29,20,0
289,2021-10-17,28,24,0,28,24,0,25,18,0,28,24,0,25,18,0,25,18,0,22,21,0,22,21,0,22,21,0,22,21,0,28,24,0,28,24,0,25,18,0,25,18,0,25,18,0
290,2021-10-18,27,24,1,27,24,1,25,19,1,27,24,1,25,19,1,25,19,1,24,22,1,24,22,1,24,22,1,24,22,1,27,24,1,27,24,1,25,19,1,25,19,1,25,19,1
291,2021-10-19,28,25,1,28,25,1,27,19,1,28,25,1,27,19,1,27,19,1,26,22,1,26,22,1,26,22,1,26,22,1,28,25,1,28,25,1,27,19,1,27,19,1,27,19,1
292,2021-10-20,28,25,1,28,25,1,26,19,1,28,25,1,26,19,1,26,19,1,25,22,1,25,22,1,25,22,1,25,22,1,28,25,1,28,25,1,26,19,1,26,19,1,26,19,1
293,2021-10-21,28,24,1,28,24,1,25,19,1,28,24,1,25,19,1,25,19,1,24,20,1,24,20,1,24,20,1,24,20,1,28,24,1,28,24,1,25,19,1,25,19,1,25,19,1
294,2021-10-22,27,24,1,27,24,1,21,18,1,27,24,1,21,18,1,21,18,1,21,20,1,21,20,1,21,20,1,21,20,1,27,24,1,27,24,1,21,18,1,21,18,1,21,18,1
295,2021-10-23,27,25,0,27,25,0,24,19,0,27,25,0,24,19,0,24,19,0,22,21,0,22,21,0,22,21,0,22,21,0,27,25,0,27,25,0,24,19,0,24,19,0,24,19,0
296,2021-10-24,27,23,0,27,23,0,23,18,0,27,23,0,23,18,0,23,18,0,23,21,0,23,21,0,23,21,0,23,21,0,27,23,0,27,23,0,23,18,0,23,18,0,23,18,0
297,2021-10-25,29,24,1,29,24,1,25,18,1,29,24,1,25,18,1,25,18,1,23,22,1,23,22,1,23,22,1,23,22,1,29,24,1,29,24,1,25,18,1,25,18,1,25,18,1
298,2021-10-26,27,24,1,27,24,1,30,17,1,27,24,1,30,17,1,30,17,1,25,21,1,25,21,1,25,21,1,25,21,1,27,24,1,27,24,1,30,17,1,30,17,1,30,17,1
299,2021-10-27,28,24,1,28,24,1,25,18,1,28,24,1,25,18,1,25,18,1,24,21,1,24,21,1,24,21,1,24,21,1,28,24,1,28,24,1,25,18,1,25,18,1,25,18,1
300,2021-10-28,27,24,1,27,24,1,25,17,1,27,24,1,25,17,1,25,17,1,24,21,1,24,21,1,24,21,1,24,21,1,27,24,1,27,24,1,25,17,1,25,17,1,25,17,1
301,2021-10-29,27,23,1,27,23,1,24,17,1,27,23,1,24,17,1,24,17,1,24,21,1,24,21,1,24,21,1,24,21,1,27,23,1,27,23,1,24,17,1,24,17,1,24,17,1
302,2021-10-30,27,23,0,27,23,0,23,17,0,27,23,0,23,17,0,23,17,0,24,21,0,24,21,0,24,21,0,24,21,0,27,23,0,27,23,0,23,17,0,23,17,0,23,17,0
303,2021-10-31,27,23,0,27,23,0,25,17,0,27,23,0,25,17,0,25,17,0,24,22,0,24,22,0,24,22,0,24,22,0,27,23,0,27,23,0,25,17,0,25,17,0,25,17,0
304,2021-11-01,27,24,1,27,24,1,25,17,1,27,24,1,25,17,1,25,17,1,24,22,1,24,22,1,24,22,1,24,22,1,27,24,1,27,24,1,25,17,1,25,17,1,25,17,1
305,2021-11-02,27,24,1,27,24,1,25,17,1,27,24,1,25,17,1,25,17,1,24,21,1,24,21,1,24,21,1,24,21,1,27,24,1,27,24,1,25,17,1,25,17,1,25,17,1
306,2021-11-03,27,24,1,27,24,1,25,18,1,27,24,1,25,18,1,25,18,1,24,21,1,24,21,1,24,21,1,24,21,1,27,24,1,27,24,1,25,18,1,25,18,1,25,18,1
307,2021-11-04,27,24,1,27,24,1,25,18,1,27,24,1,25,18,1,25,18,1,24,22,1,24,22,1,24,22,1,24,22,1,27,24,1,27,24,1,25,18,1,25,18,1,25,18,1
308,2021-11-05,28,25,1,28,25,1,26,18,1,28,25,1,26,18,1,26,18,1,26,22,1,26,22,1,26,22,1,26,22,1,28,25,1,28,25,1,26,18,1,26,18,1,26,18,1
309,2021-11-06,29,25,0,29,25,0,27,18,0,29,25,0,27,18,0,27,18,0,26,22,0,26,22,0,26,22,0,26,22,0,29,25,0,29,25,0,27,18,0,27,18,0,27,18,0
310,2021-11-07,28,24,0,28,24,0,27,18,0,28,24,0,27,18,0,27,18,0,26,19,0,26,19,0,26,19,0,26,19,0,28,24,0,28,24,0,27,18,0,27,18,0,27,18,0
311,2021-11-08,27,21,1,27,21,1,22,14,1,27,21,1,22,14,1,22,14,1,20,15,1,20,15,1,20,15,1,20,15,1,27,21,1,27,21,1,22,14,1,22,14,1,22,14,1
312,2021-11-09,25,21,1,25,21,1,20,14,1,25,21,1,20,14,1,20,14,1,19,16,1,19,16,1,19,16,1,19,16,1,25,21,1,25,21,1,20,14,1,20,14,1,20,14,1
313,2021-11-10,25,19,1,25,19,1,18,12,1,25,19,1,18,12,1,18,12,1,20,15,1,20,15,1,20,15,1,20,15,1,25,19,1,25,19,1,18,12,1,18,12,1,18,12,1
314,2021-11-11,26,22,1,26,22,1,21,14,1,26,22,1,21,14,1,21,14,1,22,18,1,22,18,1,22,18,1,22,18,1,26,22,1,26,22,1,21,14,1,21,14,1,21,14,1
315,2021-11-12,26,21,1,26,21,1,21,15,1,26,21,1,21,15,1,21,15,1,21,18,1,21,18,1,21,18,1,21,18,1,26,21,1,26,21,1,21,15,1,21,15,1,21,15,1
316,2021-11-13,24,20,0,24,20,0,19,14,0,24,20,0,19,14,0,19,14,0,20,18,0,20,18,0,20,18,0,20,18,0,24,20,0,24,20,0,19,14,0,19,14,0,19,14,0
317,2021-11-14,26,22,0,26,22,0,21,14,0,26,22,0,21,14,0,21,14,0,21,18,0,21,18,0,21,18,0,21,18,0,26,22,0,26,22,0,21,14,0,21,14,0,21,14,0
318,2021-11-15,26,23,1,26,23,1,23,15,1,26,23,1,23,15,1,23,15,1,23,21,1,23,21,1,23,21,1,23,21,1,26,23,1,26,23,1,23,15,1,23,15,1,23,15,1
319,2021-11-16,27,23,1,27,23,1,24,16,1,27,23,1,24,16,1,24,16,1,25,21,1,25,21,1,25,21,1,25,21,1,27,23,1,27,23,1,24,16,1,24,16,1,24,16,1
320,2021-11-17,26,23,1,26,23,1,23,17,1,26,23,1,23,17,1,23,17,1,24,20,1,24,20,1,24,20,1,24,20,1,26,23,1,26,23,1,23,17,1,23,17,1,23,17,1
321,2021-11-18,27,22,1,27,22,1,21,16,1,27,22,1,21,16,1,21,16,1,22,20,1,22,20,1,22,20,1,22,20,1,27,22,1,27,22,1,21,16,1,21,16,1,21,16,1
322,2021-11-19,27,23,1,27,23,1,23,15,1,27,23,1,23,15,1,23,15,1,24,21,1,24,21,1,24,21,1,24,21,1,27,23,1,27,23,1,23,15,1,23,15,1,23,15,1
323,2021-11-20,27,23,0,27,23,0,24,15,0,27,23,0,24,15,0,24,15,0,23,20,0,23,20,0,23,20,0,23,20,0,27,23,0,27,23,0,24,15,0,24,15,0,24,15,0
324,2021-11-21,26,22,0,26,22,0,23,16,0,26,22,0,23,16,0,23,16,0,25,18,0,25,18,0,25,18,0,25,18,0,26,22,0,26,22,0,23,16,0,23,16,0,23,16,0
325,2021-11-22,27,20,1,27,20,1,21,13,1,27,20,1,21,13,1,21,13,1,20,15,1,20,15,1,20,15,1,20,15,1,27,20,1,27,20,1,21,13,1,21,13,1,21,13,1
326,2021-11-23,24,19,1,24,19,1,18,13,1,24,19,1,18,13,1,18,13,1,16,15,1,16,15,1,16,15,1,16,15,1,24,19,1,24,19,1,18,13,1,18,13,1,18,13,1
327,2021-11-24,25,21,1,25,21,1,21,13,1,25,21,1,21,13,1,21,13,1,19,18,1,19,18,1,19,18,1,19,18,1,25,21,1,25,21,1,21,13,1,21,13,1,21,13,1
328,2021-11-25,25,22,1,25,22,1,22,14,1,25,22,1,22,14,1,22,14,1,22,19,1,22,19,1,22,19,1,22,19,1,25,22,1,25,22,1,22,14,1,22,14,1,22,14,1
329,2021-11-26,26,21,1,26,21,1,22,16,1,26,21,1,22,16,1,22,16,1,21,18,1,21,18,1,21,18,1,21,18,1,26,21,1,26,21,1,22,16,1,22,16,1,22,16,1
330,2021-11-27,25,23,0,25,23,0,21,16,0,25,23,0,21,16,0,21,16,0,22,18,0,22,18,0,22,18,0,22,18,0,25,23,0,25,23,0,21,16,0,21,16,0,21,16,0
331,2021-11-28,25,23,0,25,23,0,20,16,0,25,23,0,20,16,0,20,16,0,22,21,0,22,21,0,22,21,0,22,21,0,25,23,0,25,23,0,20,16,0,20,16,0,20,16,0
332,2021-11-29,25,22,1,25,22,1,23,16,1,25,22,1,23,16,1,23,16,1,24,19,1,24,19,1,24,19,1,24,19,1,25,22,1,25,22,1,23,16,1,23,16,1,23,16,1
333,2021-11-30,26,17,1,26,17,1,20,11,1,26,17,1,20,11,1,20,11,1,22,13,1,22,13,1,22,13,1,22,13,1,26,17,1,26,17,1,20,11,1,20,11,1,20,11,1
334,2021-12-01,22,17,1,22,17,1,19,11,1,22,17,1,19,11,1,19,11,1,15,14,1,15,14,1,15,14,1,15,14,1,22,17,1,22,17,1,19,11,1,19,11,1,19,11,1
335,2021-12-02,23,17,1,23,17,1,18,10,1,23,17,1,18,10,1,18,10,1,18,13,1,18,13,1,18,13,1,18,13,1,23,17,1,23,17,1,18,10,1,18,10,1,18,10,1
336,2021-12-03,23,17,1,23,17,1,18,9,1,23,17,1,18,9,1,18,9,1,18,14,1,18,14,1,18,14,1,18,14,1,23,17,1,23,17,1,18,9,1,18,9,1,18,9,1
337,2021-12-04,23,19,0,23,19,0,20,10,0,23,19,0,20,10,0,20,10,0,19,16,0,19,16,0,19,16,0,19,16,0,23,19,0,23,19,0,20,10,0,20,10,0,20,10,0
338,2021-12-05,24,18,0,24,18,0,20,11,0,24,18,0,20,11,0,20,11,0,21,16,0,21,16,0,21,16,0,21,16,0,24,18,0,24,18,0,20,11,0,20,11,0,20,11,0
339,2021-12-06,25,19,1,25,19,1,20,12,1,25,19,1,20,12,1,20,12,1,21,17,1,21,17,1,21,17,1,21,17,1,25,19,1,25,19,1,20,12,1,20,12,1,20,12,1
340,2021-12-07,25,19,1,25,19,1,21,13,1,25,19,1,21,13,1,21,13,1,20,17,1,20,17,1,20,17,1,20,17,1,25,19,1,25,19,1,21,13,1,21,13,1,21,13,1
341,2021-12-08,25,20,1,25,20,1,21,13,1,25,20,1,21,13,1,21,13,1,21,17,1,21,17,1,21,17,1,21,17,1,25,20,1,25,20,1,21,13,1,21,13,1,21,13,1
342,2021-12-09,25,20,1,25,20,1,21,13,1,25,20,1,21,13,1,21,13,1,22,18,1,22,18,1,22,18,1,22,18,1,25,20,1,25,20,1,21,13,1,21,13,1,21,13,1
343,2021-12-10,25,20,1,25,20,1,22,15,1,25,20,1,22,15,1,22,15,1,22,18,1,22,18,1,22,18,1,22,18,1,25,20,1,25,20,1,22,15,1,22,15,1,22,15,1
344,2021-12-11,24,19,0,24,19,0,26,15,0,24,19,0,26,15,0,26,15,0,24,16,0,24,16,0,24,16,0,24,16,0,24,19,0,24,19,0,26,15,0,26,15,0,26,15,0
345,2021-12-12,25,20,0,25,20,0,26,12,0,25,20,0,26,12,0,26,12,0,22,16,0,22,16,0,22,16,0,22,16,0,25,20,0,25,20,0,26,12,0,26,12,0,26,12,0
346,2021-12-13,24,20,1,24,20,1,20,11,1,24,20,1,20,11,1,20,11,1,18,17,1,18,17,1,18,17,1,18,17,1,24,20,1,24,20,1,20,11,1,20,11,1,20,11,1
347,2021-12-14,25,21,1,25,21,1,21,12,1,25,21,1,21,12,1,21,12,1,23,18,1,23,18,1,23,18,1,23,18,1,25,21,1,25,21,1,21,12,1,21,12,1,21,12,1
348,2021-12-15,25,21,1,25,21,1,22,13,1,25,21,1,22,13,1,22,13,1,23,18,1,23,18,1,23,18,1,23,18,1,25,21,1,25,21,1,22,13,1,22,13,1,22,13,1
349,2021-12-16,25,20,1,25,20,1,22,14,1,25,20,1,22,14,1,22,14,1,23,18,1,23,18,1,23,18,1,23,18,1,25,20,1,25,20,1,22,14,1,22,14,1,22,14,1
350,2021-12-17,25,17,1,25,17,1,20,10,1,25,17,1,20,10,1,20,10,1,19,13,1,19,13,1,19,13,1,19,13,1,25,17,1,25,17,1,20,10,1,20,10,1,20,10,1
351,2021-12-18,22,18,0,22,18,0,17,12,0,22,18,0,17,12,0,17,12,0,15,14,0,15,14,0,15,14,0,15,14,0,22,18,0,22,18,0,17,12,0,17,12,0,17,12,0
352,2021-12-19,23,21,0,23,21,0,18,13,0,23,21,0,18,13,0,18,13,0,18,17,0,18,17,0,18,17,0,18,17,0,23,21,0,23,21,0,18,13,0,18,13,0,18,13,0
353,2021-12-20,23,21,1,23,21,1,18,14,1,23,21,1,18,14,1,18,14,1,20,18,1,20,18,1,20,18,1,20,18,1,23,21,1,23,21,1,18,14,1,18,14,1,18,14,1
354,2021-12-21,24,22,1,24,22,1,18,15,1,24,22,1,18,15,1,18,15,1,20,18,1,20,18,1,20,18,1,20,18,1,24,22,1,24,22,1,18,15,1,18,15,1,18,15,1
355,2021-12-22,24,22,1,24,22,1,19,15,1,24,22,1,19,15,1,19,15,1,20,17,1,20,17,1,20,17,1,20,17,1,24,22,1,24,22,1,19,15,1,19,15,1,19,15,1
356,2021-12-23,24,22,1,24,22,1,20,14,1,24,22,1,20,14,1,20,14,1,21,19,1,21,19,1,21,19,1,21,19,1,24,22,1,24,22,1,20,14,1,20,14,1,20,14,1
357,2021-12-24,25,19,1,25,19,1,20,13,1,25,19,1,20,13,1,20,13,1,20,16,1,20,16,1,20,16,1,20,16,1,25,19,1,25,19,1,20,13,1,20,13,1,20,13,1
358,2021-12-25,22,18,0,22,18,0,18,11,0,22,18,0,18,11,0,18,11,0,17,13,0,17,13,0,17,13,0,17,13,0,22,18,0,22,18,0,18,11,0,18,11,0,18,11,0
359,2021-12-26,20,17,0,20,17,0,14,10,0,20,17,0,14,10,0,14,10,0,14,13,0,14,13,0,14,13,0,14,13,0,20,17,0,20,17,0,14,10,0,14,10,0,14,10,0
360,2021-12-27,19,17,1,19,17,1,13,10,1,19,17,1,13,10,1,13,10,1,16,12,1,16,12,1,16,12,1,16,12,1,19,17,1,19,17,1,13,10,1,13,10,1,13,10,1
361,2021-12-28,22,19,1,22,19,1,17,11,1,22,19,1,17,11,1,17,11,1,18,16,1,18,16,1,18,16,1,18,16,1,22,19,1,22,19,1,17,11,1,17,11,1,17,11,1
362,2021-12-29,23,18,1,23,18,1,17,11,1,23,18,1,17,11,1,17,11,1,18,14,1,18,14,1,18,14,1,18,14,1,23,18,1,23,18,1,17,11,1,17,11,1,17,11,1
363,2021-12-30,22,17,1,22,17,1,17,10,1,22,17,1,17,10,1,17,10,1,16,15,1,16,15,1,16,15,1,16,15,1,22,17,1,22,17,1,17,10,1,17,10,1,17,10,1
364,2021-12-31,23,18,1,23,18,1,22,10,1,23,18,1,22,10,1,22,10,1,18,15,1,18,15,1,18,15,1,18,15,1,23,18,1,23,18,1,22,10,1,22,10,1,22,10,1
365,2022-01-01,22,18,0,22,18,0,17,11,0,22,18,0,17,11,0,17,11,0,17,15,0,17,15,0,17,15,0,17,15,0,22,18,0,22,18,0,17,11,0,17,11,0,17,11,0
366,2022-01-02,24,18,0,24,18,0,18,10,0,24,18,0,18,10,0,18,10,0,19,16,0,19,16,0,19,16,0,19,16,0,24,18,0,24,18,0,18,10,0,18,10,0,18,10,0
367,2022-01-03,24,18,0,24,18,0,19,11,0,24,18,0,19,11,0,19,11,0,20,17,0,20,17,0,20,17,0,20,17,0,24,18,0,24,18,0,19,11,0,19,11,0,19,11,0
368,2022-01-04,25,21,1,25,21,1,20,11,1,25,21,1,20,11,1,20,11,1,21,17,1,21,17,1,21,17,1,21,17,1,25,21,1,25,21,1,20,11,1,20,11,1,20,11,1
369,2022-01-05,23,20,1,23,20,1,19,13,1,23,20,1,19,13,1,19,13,1,21,16,1,21,16,1,21,16,1,21,16,1,23,20,1,23,20,1,19,13,1,19,13,1,19,13,1
370,2022-01-06,22,19,1,22,19,1,20,12,1,22,19,1,20,12,1,20,12,1,18,15,1,18,15,1,18,15,1,18,15,1,22,19,1,22,19,1,20,12,1,20,12,1,20,12,1
371,2022-01-07,21,18,1,21,18,1,16,11,1,21,18,1,16,11,1,16,11,1,17,15,1,17,15,1,17,15,1,17,15,1,21,18,1,21,18,1,16,11,1,16,11,1,16,11,1
372,2022-01-08,23,18,0,23,18,0,18,11,0,23,18,0,18,11,0,18,11,0,18,15,0,18,15,0,18,15,0,18,15,0,23,18,0,23,18,0,18,11,0,18,11,0,18,11,0
373,2022-01-09,22,18,0,22,18,0,18,10,0,22,18,0,18,10,0,18,10,0,17,16,0,17,16,0,17,16,0,17,16,0,22,18,0,22,18,0,18,10,0,18,10,0,18,10,0
374,2022-01-10,22,17,1,22,17,1,18,9,1,22,17,1,18,9,1,18,9,1,18,13,1,18,13,1,18,13,1,18,13,1,22,17,1,22,17,1,18,9,1,18,9,1,18,9,1
375,2022-01-11,21,17,1,21,17,1,14,9,1,21,17,1,14,9,1,14,9,1,14,11,1,14,11,1,14,11,1,14,11,1,21,17,1,21,17,1,14,9,1,14,9,1,14,9,1
376,2022-01-12,19,17,1,19,17,1,13,9,1,19,17,1,13,9,1,13,9,1,14,13,1,14,13,1,14,13,1,14,13,1,19,17,1,19,17,1,13,9,1,13,9,1,13,9,1
377,2022-01-13,20,16,1,20,16,1,15,8,1,20,16,1,15,8,1,15,8,1,14,12,1,14,12,1,14,12,1,14,12,1,20,16,1,20,16,1,15,8,1,15,8,1,15,8,1
378,2022-01-14,20,18,1,20,18,1,16,9,1,20,18,1,16,9,1,16,9,1,16,14,1,16,14,1,16,14,1,16,14,1,20,18,1,20,18,1,16,9,1,16,9,1,16,9,1
379,2022-01-15,23,19,0,23,19,0,18,10,0,23,19,0,18,10,0,18,10,0,19,16,0,19,16,0,19,16,0,19,16,0,23,19,0,23,19,0,18,10,0,18,10,0,18,10,0
380,2022-01-16,23,20,0,23,20,0,19,11,0,23,20,0,19,11,0,19,11,0,20,16,0,20,16,0,20,16,0,20,16,0,23,20,0,23,20,0,19,11,0,19,11,0,19,11,0
381,2022-01-17,23,19,1,23,19,1,17,13,1,23,19,1,17,13,1,17,13,1,17,16,1,17,16,1,17,16,1,17,16,1,23,19,1,23,19,1,17,13,1,17,13,1,17,13,1
382,2022-01-18,21,19,1,21,19,1,17,12,1,21,19,1,17,12,1,17,12,1,17,16,1,17,16,1,17,16,1,17,16,1,21,19,1,21,19,1,17,12,1,17,12,1,17,12,1
383,2022-01-19,23,19,1,23,19,1,18,11,1,23,19,1,18,11,1,18,11,1,18,16,1,18,16,1,18,16,1,18,16,1,23,19,1,23,19,1,18,11,1,18,11,1,18,11,1
384,2022-01-20,23,20,1,23,20,1,19,12,1,23,20,1,19,12,1,19,12,1,18,16,1,18,16,1,18,16,1,18,16,1,23,20,1,23,20,1,19,12,1,19,12,1,19,12,1
385,2022-01-21,21,20,1,21,20,1,17,13,1,21,20,1,17,13,1,17,13,1,19,16,1,19,16,1,19,16,1,19,16,1,21,20,1,21,20,1,17,13,1,17,13,1,17,13,1
386,2022-01-22,23,21,0,23,21,0,16,13,0,23,21,0,16,13,0,16,13,0,19,17,0,19,17,0,19,17,0,19,17,0,23,21,0,23,21,0,16,13,0,16,13,0,16,13,0
387,2022-01-23,25,21,0,25,21,0,19,13,0,25,21,0,19,13,0,19,13,0,21,17,0,21,17,0,21,17,0,21,17,0,25,21,0,25,21,0,19,13,0,19,13,0,19,13,0
388,2022-01-24,23,20,1,23,20,1,17,13,1,23,20,1,17,13,1,17,13,1,18,17,1,18,17,1,18,17,1,18,17,1,23,20,1,23,20,1,17,13,1,17,13,1,17,13,1
389,2022-01-25,23,20,1,23,20,1,18,12,1,23,20,1,18,12,1,18,12,1,18,17,1,18,17,1,18,17,1,18,17,1,23,20,1,23,20,1,18,12,1,18,12,1,18,12,1
390,2022-01-26,23,20,1,23,20,1,19,12,1,23,20,1,19,12,1,19,12,1,21,18,1,21,18,1,21,18,1,21,18,1,23,20,1,23,20,1,19,12,1,19,12,1,19,12,1
391,2022-01-27,24,20,1,24,20,1,19,12,1,24,20,1,19,12,1,19,12,1,21,17,1,21,17,1,21,17,1,21,17,1,24,20,1,24,20,1,19,12,1,19,12,1,19,12,1
392,2022-01-28,21,19,1,21,19,1,17,13,1,21,19,1,17,13,1,17,13,1,18,16,1,18,16,1,18,16,1,18,16,1,21,19,1,21,19,1,17,13,1,17,13,1,17,13,1
393,2022-01-29,20,17,1,20,17,1,15,10,1,20,17,1,15,10,1,15,10,1,17,13,1,17,13,1,17,13,1,17,13,1,20,17,1,20,17,1,15,10,1,15,10,1,15,10,1
394,2022-01-30,21,16,1,21,16,1,13,8,1,21,16,1,13,8,1,13,8,1,14,13,1,14,13,1,14,13,1,14,13,1,21,16,1,21,16,1,13,8,1,13,8,1,13,8,1
395,2022-01-31,20,19,0,20,19,0,16,11,0,20,19,0,16,11,0,16,11,0,16,15,0,16,15,0,16,15,0,16,15,0,20,19,0,20,19,0,16,11,0,16,11,0,16,11,0
396,2022-02-01,22,19,0,22,19,0,15,11,0,22,19,0,15,11,0,15,11,0,18,17,0,18,17,0,18,17,0,18,17,0,22,19,0,22,19,0,15,11,0,15,11,0,15,11,0
397,2022-02-02,23,20,0,23,20,0,18,12,0,23,20,0,18,12,0,18,12,0,18,16,0,18,16,0,18,16,0,18,16,0,23,20,0,23,20,0,18,12,0,18,12,0,18,12,0
398,2022-02-03,23,19,0,23,19,0,16,11,0,23,19,0,16,11,0,16,11,0,17,14,0,17,14,0,17,14,0,17,14,0,23,19,0,23,19,0,16,11,0,16,11,0,16,11,0
399,2022-02-04,22,17,0,22,17,0,15,9,0,22,17,0,15,9,0,15,9,0,15,13,0,15,13,0,15,13,0,15,13,0,22,17,0,22,17,0,15,9,0,15,9,0,15,9,0
400,2022-02-05,21,17,0,21,17,0,15,8,0,21,17,0,15,8,0,15,8,0,15,13,0,15,13,0,15,13,0,15,13,0,21,17,0,21,17,0,15,8,0,15,8,0,15,8,0
401,2022-02-06,21,18,0,21,18,0,17,9,0,21,18,0,17,9,0,17,9,0,17,14,0,17,14,0,17,14,0,17,14,0,21,18,0,21,18,0,17,9,0,17,9,0,17,9,0
402,2022-02-07,23,19,1,23,19,1,17,11,1,23,19,1,17,11,1,17,11,1,20,14,1,20,14,1,20,14,1,20,14,1,23,19,1,23,19,1,17,11,1,17,11,1,17,11,1
403,2022-02-08,22,19,1,22,19,1,17,11,1,22,19,1,17,11,1,17,11,1,16,15,1,16,15,1,16,15,1,16,15,1,22,19,1,22,19,1,17,11,1,17,11,1,17,11,1
404,2022-02-09,22,18,1,22,18,1,17,10,1,22,18,1,17,10,1,17,10,1,17,15,1,17,15,1,17,15,1,17,15,1,22,18,1,22,18,1,17,10,1,17,10,1,17,10,1
405,2022-02-10,23,19,1,23,19,1,17,10,1,23,19,1,17,10,1,17,10,1,17,16,1,17,16,1,17,16,1,17,16,1,23,19,1,23,19,1,17,10,1,17,10,1,17,10,1
406,2022-02-11,23,18,1,23,18,1,19,15,1,23,18,1,19,15,1,19,15,1,20,16,1,20,16,1,20,16,1,20,16,1,23,18,1,23,18,1,19,15,1,19,15,1,19,15,1
407,2022-02-12,23,19,0,23,19,0,18,11,0,23,19,0,18,11,0,18,11,0,18,17,0,18,17,0,18,17,0,18,17,0,23,19,0,23,19,0,18,11,0,18,11,0,18,11,0
408,2022-02-13,23,18,0,23,18,0,19,11,0,23,18,0,19,11,0,19,11,0,19,14,0,19,14,0,19,14,0,19,14,0,23,18,0,23,18,0,19,11,0,19,11,0,19,11,0
409,2022-02-14,22,17,1,22,17,1,15,9,1,22,17,1,15,9,1,15,9,1,15,14,1,15,14,1,15,14,1,15,14,1,22,17,1,22,17,1,15,9,1,15,9,1,15,9,1
410,2022-02-15,23,16,1,23,16,1,17,11,1,23,16,1,17,11,1,17,11,1,17,14,1,17,14,1,17,14,1,17,14,1,23,16,1,23,16,1,17,11,1,17,11,1,17,11,1
411,2022-02-16,21,18,1,21,18,1,16,8,1,21,18,1,16,8,1,16,8,1,16,15,1,16,15,1,16,15,1,16,15,1,21,18,1,21,18,1,16,8,1,16,8,1,16,8,1
412,2022-02-17,22,19,1,22,19,1,18,12,1,22,19,1,18,12,1,18,12,1,18,16,1,18,16,1,18,16,1,18,16,1,22,19,1,22,19,1,18,12,1,18,12,1,18,12,1
413,2022-02-18,22,19,1,22,19,1,19,11,1,22,19,1,19,11,1,19,11,1,19,16,1,19,16,1,19,16,1,19,16,1,22,19,1,22,19,1,19,11,1,19,11,1,19,11,1
414,2022-02-19,22,15,0,22,15,0,15,7,0,22,15,0,15,7,0,15,7,0,16,10,0,16,10,0,16,10,0,16,10,0,22,15,0,22,15,0,15,7,0,15,7,0,15,7,0
415,2022-02-20,17,15,0,17,15,0,9,7,0,17,15,0,9,7,0,9,7,0,13,10,0,13,10,0,13,10,0,13,10,0,17,15,0,17,15,0,9,7,0,9,7,0,9,7,0
416,2022-02-21,19,18,1,19,18,1,12,9,1,19,18,1,12,9,1,12,9,1,17,12,1,17,12,1,17,12,1,17,12,1,19,18,1,19,18,1,12,9,1,12,9,1,12,9,1
417,2022-02-22,21,17,1,21,17,1,14,11,1,21,17,1,14,11,1,14,11,1,17,13,1,17,13,1,17,13,1,17,13,1,21,17,1,21,17,1,14,11,1,14,11,1,14,11,1
418,2022-02-23,19,17,1,19,17,1,13,9,1,19,17,1,13,9,1,13,9,1,15,13,1,15,13,1,15,13,1,15,13,1,19,17,1,19,17,1,13,9,1,13,9,1,13,9,1
419,2022-02-24,22,17,1,22,17,1,17,9,1,22,17,1,17,9,1,17,9,1,15,13,1,15,13,1,15,13,1,15,13,1,22,17,1,22,17,1,17,9,1,17,9,1,17,9,1
420,2022-02-25,23,18,1,23,18,1,18,10,1,23,18,1,18,10,1,18,10,1,19,15,1,19,15,1,19,15,1,19,15,1,23,18,1,23,18,1,18,10,1,18,10,1,18,10,1
421,2022-02-26,23,18,0,23,18,0,19,10,0,23,18,0,19,10,0,19,10,0,19,16,0,19,16,0,19,16,0,19,16,0,23,18,0,23,18,0,19,10,0,19,10,0,19,10,0
422,2022-02-27,25,19,0,25,19,0,21,10,0,25,19,0,21,10,0,21,10,0,20,16,0,20,16,0,20,16,0,20,16,0,25,19,0,25,19,0,21,10,0,21,10,0,21,10,0
423,2022-02-28,26,21,1,26,21,1,22,11,1,26,21,1,22,11,1,22,11,1,23,17,1,23,17,1,23,17,1,23,17,1,26,21,1,26,21,1,22,11,1,22,11,1,22,11,1
